change/year;-0.10052;-0.31744;-85.8;-0.4;-91;5.8;-96.6;;;;;;;;;;
year;dec;inc;H;F;X;Y;Z;;dec med;inc med;H med;F med;X med;Y med;Z med;;
2000.00273;-21.64553;-35.64456;19107.2;23512.3;17759.9;-7048.0;-13701.9;;-22.42220;-38.46396;18312.54618;23396.57421;16929.00395;-6981.03013;-14545.57855;;
2000.02773;-21.64732;-35.65160;19105.2;23511.9;17757.8;-7047.8;-13704.0;;;;;;;;;;
2000.05273;-21.64910;-35.65864;19103.2;23511.5;17755.6;-7047.6;-13706.1;;;;;;;;;;
2000.07773;-21.65089;-35.66568;19101.1;23511.0;17753.5;-7047.4;-13708.2;;;;;;;;;;
2000.10273;-21.65268;-35.67272;19099.1;23510.6;17751.4;-7047.2;-13710.3;;;;;;;;;;
2000.12773;-21.65447;-35.67976;19097.1;23510.2;17749.3;-7047.0;-13712.4;;;;;;;;;;
2000.15273;-21.65625;-35.68680;19095.0;23509.8;17747.2;-7046.8;-13714.5;;;;;;;;;;
2000.17773;-21.65804;-35.69384;19093.0;23509.3;17745.1;-7046.6;-13716.6;;;;;;;;;;
2000.20273;-21.65983;-35.70088;19091.0;23508.9;17743.0;-7046.4;-13718.7;;;;;;;;;;
2000.22773;-21.66162;-35.70792;19089.0;23508.5;17740.9;-7046.2;-13720.8;;;;;;;;;;
2000.25273;-21.66341;-35.71496;19086.9;23508.1;17738.8;-7046.0;-13722.9;;;;;;;;;;
2000.27773;-21.66520;-35.72200;19084.9;23507.6;17736.7;-7045.8;-13725.0;;;;;;;;;;
2000.30273;-21.66699;-35.72904;19082.9;23507.2;17734.6;-7045.6;-13727.1;;;;;;;;;;
2000.32773;-21.66879;-35.73608;19080.8;23506.8;17732.5;-7045.4;-13729.2;;;;;;;;;;
2000.35273;-21.67058;-35.74312;19078.8;23506.4;17730.3;-7045.2;-13731.3;;;;;;;;;;
2000.37773;-21.67237;-35.75017;19076.8;23505.9;17728.2;-7045.0;-13733.4;;;;;;;;;;
2000.40273;-21.67416;-35.75721;19074.7;23505.5;17726.1;-7044.8;-13735.5;;;;;;;;;;
2000.42773;-21.67595;-35.76425;19072.7;23505.1;17724.0;-7044.6;-13737.6;;;;;;;;;;
2000.45273;-21.67775;-35.77129;19070.7;23504.7;17721.9;-7044.4;-13739.7;;;;;;;;;;
2000.47773;-21.67954;-35.77834;19068.6;23504.2;17719.8;-7044.2;-13741.8;;;;;;;;;;
2000.50273;-21.68134;-35.78538;19066.6;23503.8;17717.7;-7044.0;-13743.9;;;;;;;;;;
2000.52773;-21.68313;-35.79242;19064.6;23503.4;17715.6;-7043.8;-13746.0;;;;;;;;;;
2000.55273;-21.68492;-35.79947;19062.5;23503.0;17713.5;-7043.7;-13748.1;;;;;;;;;;
2000.57773;-21.68672;-35.80651;19060.5;23502.6;17711.4;-7043.5;-13750.2;;;;;;;;;;
2000.60273;-21.68851;-35.81355;19058.5;23502.1;17709.3;-7043.3;-13752.3;;;;;;;;;;
2000.62773;-21.69031;-35.82060;19056.4;23501.7;17707.2;-7043.1;-13754.4;;;;;;;;;;
2000.65273;-21.69211;-35.82764;19054.4;23501.3;17705.0;-7042.9;-13756.5;;;;;;;;;;
2000.67773;-21.69390;-35.83469;19052.4;23500.9;17702.9;-7042.7;-13758.6;;;;;;;;;;
2000.70273;-21.69570;-35.84173;19050.4;23500.5;17700.8;-7042.5;-13760.7;;;;;;;;;;
2000.72773;-21.69750;-35.84878;19048.3;23500.0;17698.7;-7042.3;-13762.7;;;;;;;;;;
2000.75273;-21.69930;-35.85582;19046.3;23499.6;17696.6;-7042.1;-13764.8;;;;;;;;;;
2000.77773;-21.70109;-35.86287;19044.3;23499.2;17694.5;-7041.9;-13766.9;;;;;;;;;;
2000.80273;-21.70289;-35.86991;19042.2;23498.8;17692.4;-7041.7;-13769.0;;;;;;;;;;
2000.82773;-21.70469;-35.87696;19040.2;23498.4;17690.3;-7041.5;-13771.1;;;;;;;;;;
2000.85273;-21.70649;-35.88400;19038.2;23498.0;17688.2;-7041.3;-13773.2;;;;;;;;;;
2000.87773;-21.70829;-35.89105;19036.1;23497.5;17686.1;-7041.1;-13775.3;;;;;;;;;;
2000.90273;-21.71009;-35.89810;19034.1;23497.1;17684.0;-7040.9;-13777.4;;;;;;;;;;
2000.92773;-21.71189;-35.90514;19032.1;23496.7;17681.9;-7040.7;-13779.5;;;;;;;;;;
2000.95273;-21.71369;-35.91219;19030.0;23496.3;17679.7;-7040.5;-13781.6;;;;;;;;;;
2000.97773;-21.71549;-35.91924;19028.0;23495.9;17677.6;-7040.3;-13783.7;;;;;;;;;;
2001.00273;-21.71729;-35.92629;19026.0;23495.5;17675.5;-7040.1;-13785.8;;;;;;;;;;
2001.02773;-21.71910;-35.93333;19023.9;23495.0;17673.4;-7039.9;-13787.9;;;;;;;;;;
2001.05273;-21.72090;-35.94038;19021.9;23494.6;17671.3;-7039.7;-13790.0;;;;;;;;;;
2001.07773;-21.72270;-35.94743;19019.9;23494.2;17669.2;-7039.5;-13792.1;;;;;;;;;;
2001.10273;-21.72451;-35.95448;19017.9;23493.8;17667.1;-7039.3;-13794.2;;;;;;;;;;
2001.12773;-21.72631;-35.96153;19015.8;23493.4;17665.0;-7039.2;-13796.3;;;;;;;;;;
2001.15273;-21.72811;-35.96858;19013.8;23493.0;17662.9;-7039.0;-13798.4;;;;;;;;;;
2001.17773;-21.72992;-35.97563;19011.8;23492.6;17660.8;-7038.8;-13800.5;;;;;;;;;;
2001.20273;-21.73172;-35.98268;19009.7;23492.2;17658.7;-7038.6;-13802.6;;;;;;;;;;
2001.22773;-21.73353;-35.98972;19007.7;23491.7;17656.6;-7038.4;-13804.7;;;;;;;;;;
2001.25273;-21.73533;-35.99677;19005.7;23491.3;17654.4;-7038.2;-13806.8;;;;;;;;;;
2001.27773;-21.73714;-36.00382;19003.6;23490.9;17652.3;-7038.0;-13808.9;;;;;;;;;;
2001.30273;-21.73894;-36.01087;19001.6;23490.5;17650.2;-7037.8;-13811.0;;;;;;;;;;
2001.32773;-21.74075;-36.01793;18999.6;23490.1;17648.1;-7037.6;-13813.1;;;;;;;;;;
2001.35273;-21.74256;-36.02498;18997.5;23489.7;17646.0;-7037.4;-13815.2;;;;;;;;;;
2001.37773;-21.74437;-36.03203;18995.5;23489.3;17643.9;-7037.2;-13817.3;;;;;;;;;;
2001.40273;-21.74617;-36.03908;18993.5;23488.9;17641.8;-7037.0;-13819.4;;;;;;;;;;
2001.42773;-21.74798;-36.04613;18991.5;23488.5;17639.7;-7036.8;-13821.5;;;;;;;;;;
2001.45273;-21.74979;-36.05318;18989.4;23488.1;17637.6;-7036.6;-13823.6;;;;;;;;;;
2001.47773;-21.75160;-36.06023;18987.4;23487.7;17635.5;-7036.4;-13825.7;;;;;;;;;;
2001.50273;-21.75341;-36.06728;18985.4;23487.2;17633.4;-7036.2;-13827.8;;;;;;;;;;
2001.52773;-21.75522;-36.07434;18983.3;23486.8;17631.3;-7036.0;-13829.9;;;;;;;;;;
2001.55273;-21.75703;-36.08139;18981.3;23486.4;17629.1;-7035.8;-13832.0;;;;;;;;;;
2001.57773;-21.75884;-36.08844;18979.3;23486.0;17627.0;-7035.6;-13834.1;;;;;;;;;;
2001.60273;-21.76065;-36.09549;18977.2;23485.6;17624.9;-7035.4;-13836.2;;;;;;;;;;
2001.62773;-21.76246;-36.10255;18975.2;23485.2;17622.8;-7035.2;-13838.2;;;;;;;;;;
2001.65273;-21.76427;-36.10960;18973.2;23484.8;17620.7;-7035.0;-13840.3;;;;;;;;;;
2001.67773;-21.76608;-36.11665;18971.1;23484.4;17618.6;-7034.8;-13842.4;;;;;;;;;;
2001.70273;-21.76790;-36.12371;18969.1;23484.0;17616.5;-7034.6;-13844.5;;;;;;;;;;
2001.72773;-21.76971;-36.13076;18967.1;23483.6;17614.4;-7034.5;-13846.6;;;;;;;;;;
2001.75273;-21.77152;-36.13782;18965.1;23483.2;17612.3;-7034.3;-13848.7;;;;;;;;;;
2001.77773;-21.77334;-36.14487;18963.0;23482.8;17610.2;-7034.1;-13850.8;;;;;;;;;;
2001.80273;-21.77515;-36.15192;18961.0;23482.4;17608.1;-7033.9;-13852.9;;;;;;;;;;
2001.82773;-21.77697;-36.15898;18959.0;23482.0;17606.0;-7033.7;-13855.0;;;;;;;;;;
2001.85273;-21.77878;-36.16603;18956.9;23481.6;17603.8;-7033.5;-13857.1;;;;;;;;;;
2001.87773;-21.78059;-36.17309;18954.9;23481.2;17601.7;-7033.3;-13859.2;;;;;;;;;;
2001.90273;-21.78241;-36.18014;18952.9;23480.8;17599.6;-7033.1;-13861.3;;;;;;;;;;
2001.92773;-21.78423;-36.18720;18950.8;23480.4;17597.5;-7032.9;-13863.4;;;;;;;;;;
2001.95273;-21.78604;-36.19426;18948.8;23480.0;17595.4;-7032.7;-13865.5;;;;;;;;;;
2001.97773;-21.78786;-36.20131;18946.8;23479.6;17593.3;-7032.5;-13867.6;;;;;;;;;;
2002.00273;-21.78968;-36.20837;18944.7;23479.2;17591.2;-7032.3;-13869.7;;;;;;;;;;
2002.02773;-21.79149;-36.21542;18942.7;23478.8;17589.1;-7032.1;-13871.8;;;;;;;;;;
2002.05273;-21.79331;-36.22248;18940.7;23478.4;17587.0;-7031.9;-13873.9;;;;;;;;;;
2002.07773;-21.79513;-36.22954;18938.7;23478.0;17584.9;-7031.7;-13876.0;;;;;;;;;;
2002.10273;-21.79695;-36.23660;18936.6;23477.6;17582.8;-7031.5;-13878.1;;;;;;;;;;
2002.12773;-21.79877;-36.24365;18934.6;23477.2;17580.7;-7031.3;-13880.2;;;;;;;;;;
2002.15273;-21.80059;-36.25071;18932.6;23476.8;17578.5;-7031.1;-13882.3;;;;;;;;;;
2002.17773;-21.80241;-36.25777;18930.5;23476.4;17576.4;-7030.9;-13884.4;;;;;;;;;;
2002.20273;-21.80423;-36.26483;18928.5;23476.0;17574.3;-7030.7;-13886.5;;;;;;;;;;
2002.22773;-21.80605;-36.27188;18926.5;23475.6;17572.2;-7030.5;-13888.6;;;;;;;;;;
2002.25273;-21.80787;-36.27894;18924.4;23475.2;17570.1;-7030.3;-13890.7;;;;;;;;;;
2002.27773;-21.80969;-36.28600;18922.4;23474.8;17568.0;-7030.1;-13892.8;;;;;;;;;;
2002.30273;-21.81151;-36.29306;18920.4;23474.4;17565.9;-7030.0;-13894.9;;;;;;;;;;
2002.32773;-21.81333;-36.30012;18918.4;23474.0;17563.8;-7029.8;-13897.0;;;;;;;;;;
2002.35273;-21.81516;-36.30718;18916.3;23473.6;17561.7;-7029.6;-13899.1;;;;;;;;;;
2002.37773;-21.81698;-36.31424;18914.3;23473.2;17559.6;-7029.4;-13901.2;;;;;;;;;;
2002.40273;-21.81880;-36.32130;18912.3;23472.8;17557.5;-7029.2;-13903.3;;;;;;;;;;
2002.42773;-21.82063;-36.32836;18910.2;23472.5;17555.4;-7029.0;-13905.4;;;;;;;;;;
2002.45273;-21.82245;-36.33542;18908.2;23472.1;17553.2;-7028.8;-13907.5;;;;;;;;;;
2002.47773;-21.82428;-36.34248;18906.2;23471.7;17551.1;-7028.6;-13909.6;;;;;;;;;;
2002.50273;-21.82610;-36.34954;18904.1;23471.3;17549.0;-7028.4;-13911.7;;;;;;;;;;
2002.52773;-21.82793;-36.35660;18902.1;23470.9;17546.9;-7028.2;-13913.8;;;;;;;;;;
2002.55273;-21.82975;-36.36366;18900.1;23470.5;17544.8;-7028.0;-13915.8;;;;;;;;;;
2002.57773;-21.83158;-36.37072;18898.1;23470.1;17542.7;-7027.8;-13917.9;;;;;;;;;;
2002.60273;-21.83340;-36.37778;18896.0;23469.7;17540.6;-7027.6;-13920.0;;;;;;;;;;
2002.62773;-21.83523;-36.38484;18894.0;23469.3;17538.5;-7027.4;-13922.1;;;;;;;;;;
2002.65273;-21.83706;-36.39190;18892.0;23468.9;17536.4;-7027.2;-13924.2;;;;;;;;;;
2002.67773;-21.83889;-36.39897;18889.9;23468.5;17534.3;-7027.0;-13926.3;;;;;;;;;;
2002.70273;-21.84071;-36.40603;18887.9;23468.2;17532.2;-7026.8;-13928.4;;;;;;;;;;
2002.72773;-21.84254;-36.41309;18885.9;23467.8;17530.1;-7026.6;-13930.5;;;;;;;;;;
2002.75273;-21.84437;-36.42015;18883.8;23467.4;17527.9;-7026.4;-13932.6;;;;;;;;;;
2002.77773;-21.84620;-36.42722;18881.8;23467.0;17525.8;-7026.2;-13934.7;;;;;;;;;;
2002.80273;-21.84803;-36.43428;18879.8;23466.6;17523.7;-7026.0;-13936.8;;;;;;;;;;
2002.82773;-21.84986;-36.44134;18877.8;23466.2;17521.6;-7025.8;-13938.9;;;;;;;;;;
2002.85273;-21.85169;-36.44841;18875.7;23465.8;17519.5;-7025.6;-13941.0;;;;;;;;;;
2002.87773;-21.85352;-36.45547;18873.7;23465.4;17517.4;-7025.5;-13943.1;;;;;;;;;;
2002.90273;-21.85535;-36.46253;18871.7;23465.1;17515.3;-7025.3;-13945.2;;;;;;;;;;
2002.92773;-21.85718;-36.46960;18869.6;23464.7;17513.2;-7025.1;-13947.3;;;;;;;;;;
2002.95273;-21.85902;-36.47666;18867.6;23464.3;17511.1;-7024.9;-13949.4;;;;;;;;;;
2002.97773;-21.86085;-36.48372;18865.6;23463.9;17509.0;-7024.7;-13951.5;;;;;;;;;;
2003.00273;-21.86268;-36.49079;18863.5;23463.5;17506.9;-7024.5;-13953.6;;;;;;;;;;
2003.02773;-21.86451;-36.49785;18861.5;23463.1;17504.8;-7024.3;-13955.7;;;;;;;;;;
2003.05273;-21.86635;-36.50492;18859.5;23462.7;17502.6;-7024.1;-13957.8;;;;;;;;;;
2003.07773;-21.86818;-36.51198;18857.5;23462.4;17500.5;-7023.9;-13959.9;;;;;;;;;;
2003.10273;-21.87002;-36.51905;18855.4;23462.0;17498.4;-7023.7;-13962.0;;;;;;;;;;
2003.12773;-21.87185;-36.52612;18853.4;23461.6;17496.3;-7023.5;-13964.1;;;;;;;;;;
2003.15273;-21.87369;-36.53318;18851.4;23461.2;17494.2;-7023.3;-13966.2;;;;;;;;;;
2003.17773;-21.87552;-36.54025;18849.3;23460.8;17492.1;-7023.1;-13968.3;;;;;;;;;;
2003.20273;-21.87736;-36.54731;18847.3;23460.4;17490.0;-7022.9;-13970.4;;;;;;;;;;
2003.22773;-21.87919;-36.55438;18845.3;23460.1;17487.9;-7022.7;-13972.5;;;;;;;;;;
2003.25273;-21.88103;-36.56145;18843.3;23459.7;17485.8;-7022.5;-13974.6;;;;;;;;;;
2003.27773;-21.88287;-36.56851;18841.2;23459.3;17483.7;-7022.3;-13976.7;;;;;;;;;;
2003.30273;-21.88471;-36.57558;18839.2;23458.9;17481.6;-7022.1;-13978.8;;;;;;;;;;
2003.32773;-21.88654;-36.58265;18837.2;23458.5;17479.5;-7021.9;-13980.9;;;;;;;;;;
2003.35273;-21.88838;-36.58971;18835.1;23458.2;17477.3;-7021.7;-13983.0;;;;;;;;;;
2003.37773;-21.89022;-36.59678;18833.1;23457.8;17475.2;-7021.5;-13985.1;;;;;;;;;;
2003.40273;-21.89206;-36.60385;18831.1;23457.4;17473.1;-7021.3;-13987.2;;;;;;;;;;
2003.42773;-21.89390;-36.61092;18829.0;23457.0;17471.0;-7021.1;-13989.3;;;;;;;;;;
2003.45273;-21.89574;-36.61799;18827.0;23456.7;17468.9;-7020.9;-13991.4;;;;;;;;;;
2003.47773;-21.89758;-36.62505;18825.0;23456.3;17466.8;-7020.8;-13993.4;;;;;;;;;;
2003.50273;-21.89942;-36.63212;18823.0;23455.9;17464.7;-7020.6;-13995.5;;;;;;;;;;
2003.52773;-21.90126;-36.63919;18820.9;23455.5;17462.6;-7020.4;-13997.6;;;;;;;;;;
2003.55273;-21.90310;-36.64626;18818.9;23455.1;17460.5;-7020.2;-13999.7;;;;;;;;;;
2003.57773;-21.90494;-36.65333;18816.9;23454.8;17458.4;-7020.0;-14001.8;;;;;;;;;;
2003.60273;-21.90679;-36.66040;18814.8;23454.4;17456.3;-7019.8;-14003.9;;;;;;;;;;
2003.62773;-21.90863;-36.66747;18812.8;23454.0;17454.2;-7019.6;-14006.0;;;;;;;;;;
2003.65273;-21.91047;-36.67454;18810.8;23453.6;17452.0;-7019.4;-14008.1;;;;;;;;;;
2003.67773;-21.91232;-36.68161;18808.8;23453.3;17449.9;-7019.2;-14010.2;;;;;;;;;;
2003.70273;-21.91416;-36.68868;18806.7;23452.9;17447.8;-7019.0;-14012.3;;;;;;;;;;
2003.72773;-21.91600;-36.69575;18804.7;23452.5;17445.7;-7018.8;-14014.4;;;;;;;;;;
2003.75273;-21.91785;-36.70282;18802.7;23452.1;17443.6;-7018.6;-14016.5;;;;;;;;;;
2003.77773;-21.91969;-36.70989;18800.6;23451.8;17441.5;-7018.4;-14018.6;;;;;;;;;;
2003.80273;-21.92154;-36.71696;18798.6;23451.4;17439.4;-7018.2;-14020.7;;;;;;;;;;
2003.82773;-21.92339;-36.72403;18796.6;23451.0;17437.3;-7018.0;-14022.8;;;;;;;;;;
2003.85273;-21.92523;-36.73110;18794.6;23450.7;17435.2;-7017.8;-14024.9;;;;;;;;;;
2003.87773;-21.92708;-36.73818;18792.5;23450.3;17433.1;-7017.6;-14027.0;;;;;;;;;;
2003.90273;-21.92893;-36.74525;18790.5;23449.9;17431.0;-7017.4;-14029.1;;;;;;;;;;
2003.92773;-21.93077;-36.75232;18788.5;23449.5;17428.9;-7017.2;-14031.2;;;;;;;;;;
2003.95273;-21.93262;-36.75939;18786.4;23449.2;17426.7;-7017.0;-14033.3;;;;;;;;;;
2003.97773;-21.93447;-36.76646;18784.4;23448.8;17424.6;-7016.8;-14035.4;;;;;;;;;;
2004.00273;-21.93632;-36.77354;18782.4;23448.4;17422.5;-7016.6;-14037.5;;;;;;;;;;
2004.02773;-21.93817;-36.78061;18780.4;23448.1;17420.4;-7016.4;-14039.6;;;;;;;;;;
2004.05273;-21.94002;-36.78768;18778.3;23447.7;17418.3;-7016.3;-14041.7;;;;;;;;;;
2004.07773;-21.94187;-36.79476;18776.3;23447.3;17416.2;-7016.1;-14043.8;;;;;;;;;;
2004.10273;-21.94372;-36.80183;18774.3;23447.0;17414.1;-7015.9;-14045.9;;;;;;;;;;
2004.12773;-21.94557;-36.80890;18772.2;23446.6;17412.0;-7015.7;-14048.0;;;;;;;;;;
2004.15273;-21.94742;-36.81598;18770.2;23446.2;17409.9;-7015.5;-14050.1;;;;;;;;;;
2004.17773;-21.94927;-36.82305;18768.2;23445.9;17407.8;-7015.3;-14052.2;;;;;;;;;;
2004.20273;-21.95112;-36.83012;18766.2;23445.5;17405.7;-7015.1;-14054.3;;;;;;;;;;
2004.22773;-21.95297;-36.83720;18764.1;23445.1;17403.6;-7014.9;-14056.4;;;;;;;;;;
2004.25273;-21.95483;-36.84427;18762.1;23444.8;17401.4;-7014.7;-14058.5;;;;;;;;;;
2004.27773;-21.95668;-36.85135;18760.1;23444.4;17399.3;-7014.5;-14060.6;;;;;;;;;;
2004.30273;-21.95853;-36.85842;18758.0;23444.0;17397.2;-7014.3;-14062.7;;;;;;;;;;
2004.32773;-21.96039;-36.86550;18756.0;23443.7;17395.1;-7014.1;-14064.8;;;;;;;;;;
2004.35273;-21.96224;-36.87257;18754.0;23443.3;17393.0;-7013.9;-14066.9;;;;;;;;;;
2004.37773;-21.96410;-36.87965;18752.0;23442.9;17390.9;-7013.7;-14068.9;;;;;;;;;;
2004.40273;-21.96595;-36.88672;18749.9;23442.6;17388.8;-7013.5;-14071.0;;;;;;;;;;
2004.42773;-21.96781;-36.89380;18747.9;23442.2;17386.7;-7013.3;-14073.1;;;;;;;;;;
2004.45273;-21.96966;-36.90087;18745.9;23441.8;17384.6;-7013.1;-14075.2;;;;;;;;;;
2004.47773;-21.97152;-36.90795;18743.8;23441.5;17382.5;-7012.9;-14077.3;;;;;;;;;;
2004.50273;-21.97338;-36.91503;18741.8;23441.1;17380.4;-7012.7;-14079.4;;;;;;;;;;
2004.52773;-21.97523;-36.92210;18739.8;23440.8;17378.3;-7012.5;-14081.5;;;;;;;;;;
2004.55273;-21.97709;-36.92918;18737.8;23440.4;17376.1;-7012.3;-14083.6;;;;;;;;;;
2004.57773;-21.97895;-36.93626;18735.7;23440.0;17374.0;-7012.1;-14085.7;;;;;;;;;;
2004.60273;-21.98081;-36.94333;18733.7;23439.7;17371.9;-7011.9;-14087.8;;;;;;;;;;
2004.62773;-21.98266;-36.95041;18731.7;23439.3;17369.8;-7011.8;-14089.9;;;;;;;;;;
2004.65273;-21.98452;-36.95749;18729.6;23438.9;17367.7;-7011.6;-14092.0;;;;;;;;;;
2004.67773;-21.98638;-36.96457;18727.6;23438.6;17365.6;-7011.4;-14094.1;;;;;;;;;;
2004.70273;-21.98824;-36.97165;18725.6;23438.2;17363.5;-7011.2;-14096.2;;;;;;;;;;
2004.72773;-21.99010;-36.97872;18723.6;23437.9;17361.4;-7011.0;-14098.3;;;;;;;;;;
2004.75273;-21.99196;-36.98580;18721.5;23437.5;17359.3;-7010.8;-14100.4;;;;;;;;;;
2004.77773;-21.99382;-36.99288;18719.5;23437.2;17357.2;-7010.6;-14102.5;;;;;;;;;;
2004.80273;-21.99569;-36.99996;18717.5;23436.8;17355.1;-7010.4;-14104.6;;;;;;;;;;
2004.82773;-21.99755;-37.00704;18715.4;23436.4;17353.0;-7010.2;-14106.7;;;;;;;;;;
2004.85273;-21.99941;-37.01412;18713.4;23436.1;17350.8;-7010.0;-14108.8;;;;;;;;;;
2004.87773;-22.00127;-37.02120;18711.4;23435.7;17348.7;-7009.8;-14110.9;;;;;;;;;;
2004.90273;-22.00314;-37.02827;18709.4;23435.4;17346.6;-7009.6;-14113.0;;;;;;;;;;
2004.92773;-22.00500;-37.03535;18707.3;23435.0;17344.5;-7009.4;-14115.1;;;;;;;;;;
2004.95273;-22.00686;-37.04243;18705.3;23434.7;17342.4;-7009.2;-14117.2;;;;;;;;;;
2004.97773;-22.00873;-37.04951;18703.3;23434.3;17340.3;-7009.0;-14119.3;;;;;;;;;;
2005.00273;-22.01063;-37.05663;18701.2;23434.0;17338.2;-7008.8;-14121.4;;;;;;;;;;
2005.02773;-22.01279;-37.06407;18699.2;23433.7;17336.0;-7008.7;-14123.7;;;;;;;;;;
2005.05273;-22.01496;-37.07151;18697.2;23433.4;17333.9;-7008.6;-14125.9;;;;;;;;;;
2005.07773;-22.01713;-37.07895;18695.1;23433.2;17331.7;-7008.5;-14128.2;;;;;;;;;;
2005.10273;-22.01930;-37.08639;18693.1;23432.9;17329.6;-7008.4;-14130.5;;;;;;;;;;
2005.12773;-22.02147;-37.09383;18691.1;23432.7;17327.4;-7008.3;-14132.8;;;;;;;;;;
2005.15273;-22.02364;-37.10127;18689.0;23432.4;17325.3;-7008.2;-14135.0;;;;;;;;;;
2005.17773;-22.02580;-37.10871;18687.0;23432.2;17323.1;-7008.1;-14137.3;;;;;;;;;;
2005.20273;-22.02798;-37.11615;18684.9;23431.9;17321.0;-7008.0;-14139.6;;;;;;;;;;
2005.22773;-22.03015;-37.12359;18682.9;23431.7;17318.8;-7007.8;-14141.9;;;;;;;;;;
2005.25273;-22.03232;-37.13103;18680.9;23431.4;17316.6;-7007.7;-14144.1;;;;;;;;;;
2005.27773;-22.03449;-37.13848;18678.8;23431.2;17314.5;-7007.6;-14146.4;;;;;;;;;;
2005.30273;-22.03666;-37.14592;18676.8;23430.9;17312.3;-7007.5;-14148.7;;;;;;;;;;
2005.32773;-22.03883;-37.15336;18674.7;23430.7;17310.2;-7007.4;-14151.0;;;;;;;;;;
2005.35273;-22.04101;-37.16080;18672.7;23430.4;17308.0;-7007.3;-14153.2;;;;;;;;;;
2005.37773;-22.04318;-37.16824;18670.7;23430.2;17305.9;-7007.2;-14155.5;;;;;;;;;;
2005.40273;-22.04535;-37.17568;18668.6;23429.9;17303.7;-7007.1;-14157.8;;;;;;;;;;
2005.42773;-22.04753;-37.18312;18666.6;23429.7;17301.6;-7007.0;-14160.1;;;;;;;;;;
2005.45273;-22.04970;-37.19056;18664.6;23429.4;17299.4;-7006.9;-14162.3;;;;;;;;;;
2005.47773;-22.05188;-37.19801;18662.5;23429.2;17297.2;-7006.8;-14164.6;;;;;;;;;;
2005.50273;-22.05406;-37.20545;18660.5;23428.9;17295.1;-7006.7;-14166.9;;;;;;;;;;
2005.52773;-22.05623;-37.21289;18658.4;23428.7;17292.9;-7006.6;-14169.1;;;;;;;;;;
2005.55273;-22.05841;-37.22033;18656.4;23428.4;17290.8;-7006.4;-14171.4;;;;;;;;;;
2005.57773;-22.06059;-37.22777;18654.4;23428.2;17288.6;-7006.3;-14173.7;;;;;;;;;;
2005.60273;-22.06276;-37.23522;18652.3;23427.9;17286.5;-7006.2;-14176.0;;;;;;;;;;
2005.62773;-22.06494;-37.24266;18650.3;23427.7;17284.3;-7006.1;-14178.2;;;;;;;;;;
2005.65273;-22.06712;-37.25010;18648.3;23427.4;17282.2;-7006.0;-14180.5;;;;;;;;;;
2005.67773;-22.06930;-37.25754;18646.2;23427.2;17280.0;-7005.9;-14182.8;;;;;;;;;;
2005.70273;-22.07148;-37.26499;18644.2;23426.9;17277.9;-7005.8;-14185.1;;;;;;;;;;
2005.72773;-22.07366;-37.27243;18642.1;23426.7;17275.7;-7005.7;-14187.3;;;;;;;;;;
2005.75273;-22.07584;-37.27987;18640.1;23426.4;17273.5;-7005.6;-14189.6;;;;;;;;;;
2005.77773;-22.07802;-37.28732;18638.1;23426.2;17271.4;-7005.5;-14191.9;;;;;;;;;;
2005.80273;-22.08021;-37.29476;18636.0;23426.0;17269.2;-7005.4;-14194.2;;;;;;;;;;
2005.82773;-22.08239;-37.30220;18634.0;23425.7;17267.1;-7005.3;-14196.4;;;;;;;;;;
2005.85273;-22.08457;-37.30965;18632.0;23425.5;17264.9;-7005.1;-14198.7;;;;;;;;;;
2005.87773;-22.08675;-37.31709;18629.9;23425.2;17262.8;-7005.0;-14201.0;;;;;;;;;;
2005.90273;-22.08894;-37.32453;18627.9;23425.0;17260.6;-7004.9;-14203.2;;;;;;;;;;
2005.92773;-22.09112;-37.33198;18625.8;23424.7;17258.5;-7004.8;-14205.5;;;;;;;;;;
2005.95273;-22.09331;-37.33942;18623.8;23424.5;17256.3;-7004.7;-14207.8;;;;;;;;;;
2005.97773;-22.09549;-37.34686;18621.8;23424.3;17254.1;-7004.6;-14210.1;;;;;;;;;;
2006.00273;-22.09768;-37.35431;18619.7;23424.0;17252.0;-7004.5;-14212.3;;;;;;;;;;
2006.02773;-22.09986;-37.36175;18617.7;23423.8;17249.8;-7004.4;-14214.6;;;;;;;;;;
2006.05273;-22.10205;-37.36920;18615.7;23423.5;17247.7;-7004.3;-14216.9;;;;;;;;;;
2006.07773;-22.10424;-37.37664;18613.6;23423.3;17245.5;-7004.2;-14219.2;;;;;;;;;;
2006.10273;-22.10642;-37.38409;18611.6;23423.1;17243.4;-7004.1;-14221.4;;;;;;;;;;
2006.12773;-22.10861;-37.39153;18609.5;23422.8;17241.2;-7004.0;-14223.7;;;;;;;;;;
2006.15273;-22.11080;-37.39898;18607.5;23422.6;17239.1;-7003.8;-14226.0;;;;;;;;;;
2006.17773;-22.11299;-37.40642;18605.5;23422.4;17236.9;-7003.7;-14228.3;;;;;;;;;;
2006.20273;-22.11518;-37.41387;18603.4;23422.1;17234.8;-7003.6;-14230.5;;;;;;;;;;
2006.22773;-22.11737;-37.42131;18601.4;23421.9;17232.6;-7003.5;-14232.8;;;;;;;;;;
2006.25273;-22.11956;-37.42876;18599.4;23421.6;17230.4;-7003.4;-14235.1;;;;;;;;;;
2006.27773;-22.12175;-37.43620;18597.3;23421.4;17228.3;-7003.3;-14237.4;;;;;;;;;;
2006.30273;-22.12394;-37.44365;18595.3;23421.2;17226.1;-7003.2;-14239.6;;;;;;;;;;
2006.32773;-22.12613;-37.45109;18593.2;23420.9;17224.0;-7003.1;-14241.9;;;;;;;;;;
2006.35273;-22.12832;-37.45854;18591.2;23420.7;17221.8;-7003.0;-14244.2;;;;;;;;;;
2006.37773;-22.13052;-37.46598;18589.2;23420.5;17219.7;-7002.9;-14246.4;;;;;;;;;;
2006.40273;-22.13271;-37.47343;18587.1;23420.2;17217.5;-7002.8;-14248.7;;;;;;;;;;
2006.42773;-22.13490;-37.48088;18585.1;23420.0;17215.4;-7002.7;-14251.0;;;;;;;;;;
2006.45273;-22.13710;-37.48832;18583.1;23419.8;17213.2;-7002.5;-14253.3;;;;;;;;;;
2006.47773;-22.13929;-37.49577;18581.0;23419.5;17211.1;-7002.4;-14255.5;;;;;;;;;;
2006.50273;-22.14149;-37.50322;18579.0;23419.3;17208.9;-7002.3;-14257.8;;;;;;;;;;
2006.52773;-22.14368;-37.51066;18576.9;23419.1;17206.7;-7002.2;-14260.1;;;;;;;;;;
2006.55273;-22.14588;-37.51811;18574.9;23418.8;17204.6;-7002.1;-14262.4;;;;;;;;;;
2006.57773;-22.14808;-37.52555;18572.9;23418.6;17202.4;-7002.0;-14264.6;;;;;;;;;;
2006.60273;-22.15027;-37.53300;18570.8;23418.4;17200.3;-7001.9;-14266.9;;;;;;;;;;
2006.62773;-22.15247;-37.54045;18568.8;23418.2;17198.1;-7001.8;-14269.2;;;;;;;;;;
2006.65273;-22.15467;-37.54790;18566.8;23417.9;17196.0;-7001.7;-14271.5;;;;;;;;;;
2006.67773;-22.15687;-37.55534;18564.7;23417.7;17193.8;-7001.6;-14273.7;;;;;;;;;;
2006.70273;-22.15907;-37.56279;18562.7;23417.5;17191.7;-7001.5;-14276.0;;;;;;;;;;
2006.72773;-22.16127;-37.57024;18560.7;23417.2;17189.5;-7001.4;-14278.3;;;;;;;;;;
2006.75273;-22.16347;-37.57768;18558.6;23417.0;17187.3;-7001.2;-14280.5;;;;;;;;;;
2006.77773;-22.16567;-37.58513;18556.6;23416.8;17185.2;-7001.1;-14282.8;;;;;;;;;;
2006.80273;-22.16787;-37.59258;18554.5;23416.6;17183.0;-7001.0;-14285.1;;;;;;;;;;
2006.82773;-22.17007;-37.60003;18552.5;23416.3;17180.9;-7000.9;-14287.4;;;;;;;;;;
2006.85273;-22.17227;-37.60747;18550.5;23416.1;17178.7;-7000.8;-14289.6;;;;;;;;;;
2006.87773;-22.17447;-37.61492;18548.4;23415.9;17176.6;-7000.7;-14291.9;;;;;;;;;;
2006.90273;-22.17668;-37.62237;18546.4;23415.7;17174.4;-7000.6;-14294.2;;;;;;;;;;
2006.92773;-22.17888;-37.62982;18544.4;23415.4;17172.3;-7000.5;-14296.5;;;;;;;;;;
2006.95273;-22.18108;-37.63727;18542.3;23415.2;17170.1;-7000.4;-14298.7;;;;;;;;;;
2006.97773;-22.18329;-37.64472;18540.3;23415.0;17168.0;-7000.3;-14301.0;;;;;;;;;;
2007.00273;-22.18549;-37.65216;18538.3;23414.8;17165.8;-7000.2;-14303.3;;;;;;;;;;
2007.02773;-22.18770;-37.65961;18536.2;23414.5;17163.6;-7000.1;-14305.6;;;;;;;;;;
2007.05273;-22.18990;-37.66706;18534.2;23414.3;17161.5;-6999.9;-14307.8;;;;;;;;;;
2007.07773;-22.19211;-37.67451;18532.1;23414.1;17159.3;-6999.8;-14310.1;;;;;;;;;;
2007.10273;-22.19432;-37.68196;18530.1;23413.9;17157.2;-6999.7;-14312.4;;;;;;;;;;
2007.12773;-22.19652;-37.68941;18528.1;23413.6;17155.0;-6999.6;-14314.7;;;;;;;;;;
2007.15273;-22.19873;-37.69686;18526.0;23413.4;17152.9;-6999.5;-14316.9;;;;;;;;;;
2007.17773;-22.20094;-37.70431;18524.0;23413.2;17150.7;-6999.4;-14319.2;;;;;;;;;;
2007.20273;-22.20315;-37.71175;18522.0;23413.0;17148.6;-6999.3;-14321.5;;;;;;;;;;
2007.22773;-22.20536;-37.71920;18519.9;23412.8;17146.4;-6999.2;-14323.7;;;;;;;;;;
2007.25273;-22.20757;-37.72665;18517.9;23412.5;17144.2;-6999.1;-14326.0;;;;;;;;;;
2007.27773;-22.20978;-37.73410;18515.9;23412.3;17142.1;-6999.0;-14328.3;;;;;;;;;;
2007.30273;-22.21199;-37.74155;18513.8;23412.1;17139.9;-6998.9;-14330.6;;;;;;;;;;
2007.32773;-22.21420;-37.74900;18511.8;23411.9;17137.8;-6998.8;-14332.8;;;;;;;;;;
2007.35273;-22.21641;-37.75645;18509.7;23411.7;17135.6;-6998.6;-14335.1;;;;;;;;;;
2007.37773;-22.21862;-37.76390;18507.7;23411.5;17133.5;-6998.5;-14337.4;;;;;;;;;;
2007.40273;-22.22083;-37.77135;18505.7;23411.2;17131.3;-6998.4;-14339.7;;;;;;;;;;
2007.42773;-22.22305;-37.77880;18503.6;23411.0;17129.2;-6998.3;-14341.9;;;;;;;;;;
2007.45273;-22.22526;-37.78625;18501.6;23410.8;17127.0;-6998.2;-14344.2;;;;;;;;;;
2007.47773;-22.22748;-37.79370;18499.6;23410.6;17124.9;-6998.1;-14346.5;;;;;;;;;;
2007.50273;-22.22969;-37.80115;18497.5;23410.4;17122.7;-6998.0;-14348.8;;;;;;;;;;
2007.52773;-22.23190;-37.80860;18495.5;23410.2;17120.5;-6997.9;-14351.0;;;;;;;;;;
2007.55273;-22.23412;-37.81605;18493.5;23409.9;17118.4;-6997.8;-14353.3;;;;;;;;;;
2007.57773;-22.23634;-37.82350;18491.4;23409.7;17116.2;-6997.7;-14355.6;;;;;;;;;;
2007.60273;-22.23855;-37.83096;18489.4;23409.5;17114.1;-6997.6;-14357.8;;;;;;;;;;
2007.62773;-22.24077;-37.83841;18487.4;23409.3;17111.9;-6997.5;-14360.1;;;;;;;;;;
2007.65273;-22.24299;-37.84586;18485.3;23409.1;17109.8;-6997.3;-14362.4;;;;;;;;;;
2007.67773;-22.24520;-37.85331;18483.3;23408.9;17107.6;-6997.2;-14364.7;;;;;;;;;;
2007.70273;-22.24742;-37.86076;18481.3;23408.7;17105.5;-6997.1;-14366.9;;;;;;;;;;
2007.72773;-22.24964;-37.86821;18479.2;23408.5;17103.3;-6997.0;-14369.2;;;;;;;;;;
2007.75273;-22.25186;-37.87566;18477.2;23408.2;17101.2;-6996.9;-14371.5;;;;;;;;;;
2007.77773;-22.25408;-37.88311;18475.1;23408.0;17099.0;-6996.8;-14373.8;;;;;;;;;;
2007.80273;-22.25630;-37.89057;18473.1;23407.8;17096.8;-6996.7;-14376.0;;;;;;;;;;
2007.82773;-22.25852;-37.89802;18471.1;23407.6;17094.7;-6996.6;-14378.3;;;;;;;;;;
2007.85273;-22.26074;-37.90547;18469.0;23407.4;17092.5;-6996.5;-14380.6;;;;;;;;;;
2007.87773;-22.26297;-37.91292;18467.0;23407.2;17090.4;-6996.4;-14382.9;;;;;;;;;;
2007.90273;-22.26519;-37.92037;18465.0;23407.0;17088.2;-6996.3;-14385.1;;;;;;;;;;
2007.92773;-22.26741;-37.92782;18462.9;23406.8;17086.1;-6996.2;-14387.4;;;;;;;;;;
2007.95273;-22.26963;-37.93528;18460.9;23406.6;17083.9;-6996.0;-14389.7;;;;;;;;;;
2007.97773;-22.27186;-37.94273;18458.9;23406.4;17081.8;-6995.9;-14392.0;;;;;;;;;;
2008.00273;-22.27408;-37.95018;18456.8;23406.2;17079.6;-6995.8;-14394.2;;;;;;;;;;
2008.02773;-22.27631;-37.95763;18454.8;23406.0;17077.4;-6995.7;-14396.5;;;;;;;;;;
2008.05273;-22.27853;-37.96509;18452.8;23405.7;17075.3;-6995.6;-14398.8;;;;;;;;;;
2008.07773;-22.28076;-37.97254;18450.7;23405.5;17073.1;-6995.5;-14401.0;;;;;;;;;;
2008.10273;-22.28298;-37.97999;18448.7;23405.3;17071.0;-6995.4;-14403.3;;;;;;;;;;
2008.12773;-22.28521;-37.98744;18446.7;23405.1;17068.8;-6995.3;-14405.6;;;;;;;;;;
2008.15273;-22.28744;-37.99490;18444.6;23404.9;17066.7;-6995.2;-14407.9;;;;;;;;;;
2008.17773;-22.28967;-38.00235;18442.6;23404.7;17064.5;-6995.1;-14410.1;;;;;;;;;;
2008.20273;-22.29189;-38.00980;18440.5;23404.5;17062.4;-6995.0;-14412.4;;;;;;;;;;
2008.22773;-22.29412;-38.01725;18438.5;23404.3;17060.2;-6994.9;-14414.7;;;;;;;;;;
2008.25273;-22.29635;-38.02471;18436.5;23404.1;17058.1;-6994.7;-14417.0;;;;;;;;;;
2008.27773;-22.29858;-38.03216;18434.4;23403.9;17055.9;-6994.6;-14419.2;;;;;;;;;;
2008.30273;-22.30081;-38.03961;18432.4;23403.7;17053.7;-6994.5;-14421.5;;;;;;;;;;
2008.32773;-22.30304;-38.04707;18430.4;23403.5;17051.6;-6994.4;-14423.8;;;;;;;;;;
2008.35273;-22.30527;-38.05452;18428.3;23403.3;17049.4;-6994.3;-14426.1;;;;;;;;;;
2008.37773;-22.30751;-38.06197;18426.3;23403.1;17047.3;-6994.2;-14428.3;;;;;;;;;;
2008.40273;-22.30974;-38.06943;18424.3;23402.9;17045.1;-6994.1;-14430.6;;;;;;;;;;
2008.42773;-22.31197;-38.07688;18422.2;23402.7;17043.0;-6994.0;-14432.9;;;;;;;;;;
2008.45273;-22.31420;-38.08434;18420.2;23402.5;17040.8;-6993.9;-14435.2;;;;;;;;;;
2008.47773;-22.31644;-38.09179;18418.2;23402.3;17038.7;-6993.8;-14437.4;;;;;;;;;;
2008.50273;-22.31867;-38.09924;18416.1;23402.1;17036.5;-6993.7;-14439.7;;;;;;;;;;
2008.52773;-22.32091;-38.10670;18414.1;23401.9;17034.3;-6993.6;-14442.0;;;;;;;;;;
2008.55273;-22.32314;-38.11415;18412.1;23401.7;17032.2;-6993.4;-14444.2;;;;;;;;;;
2008.57773;-22.32538;-38.12161;18410.0;23401.5;17030.0;-6993.3;-14446.5;;;;;;;;;;
2008.60273;-22.32761;-38.12906;18408.0;23401.3;17027.9;-6993.2;-14448.8;;;;;;;;;;
2008.62773;-22.32985;-38.13652;18406.0;23401.1;17025.7;-6993.1;-14451.1;;;;;;;;;;
2008.65273;-22.33209;-38.14397;18403.9;23400.9;17023.6;-6993.0;-14453.3;;;;;;;;;;
2008.67773;-22.33432;-38.15142;18401.9;23400.7;17021.4;-6992.9;-14455.6;;;;;;;;;;
2008.70273;-22.33656;-38.15888;18399.9;23400.5;17019.3;-6992.8;-14457.9;;;;;;;;;;
2008.72773;-22.33880;-38.16633;18397.8;23400.3;17017.1;-6992.7;-14460.2;;;;;;;;;;
2008.75273;-22.34104;-38.17379;18395.8;23400.1;17015.0;-6992.6;-14462.4;;;;;;;;;;
2008.77773;-22.34328;-38.18124;18393.8;23400.0;17012.8;-6992.5;-14464.7;;;;;;;;;;
2008.80273;-22.34552;-38.18870;18391.7;23399.8;17010.6;-6992.4;-14467.0;;;;;;;;;;
2008.82773;-22.34776;-38.19615;18389.7;23399.6;17008.5;-6992.3;-14469.3;;;;;;;;;;
2008.85273;-22.35000;-38.20361;18387.6;23399.4;17006.3;-6992.1;-14471.5;;;;;;;;;;
2008.87773;-22.35224;-38.21106;18385.6;23399.2;17004.2;-6992.0;-14473.8;;;;;;;;;;
2008.90273;-22.35448;-38.21852;18383.6;23399.0;17002.0;-6991.9;-14476.1;;;;;;;;;;
2008.92773;-22.35673;-38.22597;18381.5;23398.8;16999.9;-6991.8;-14478.3;;;;;;;;;;
2008.95273;-22.35897;-38.23343;18379.5;23398.6;16997.7;-6991.7;-14480.6;;;;;;;;;;
2008.97773;-22.36121;-38.24089;18377.5;23398.4;16995.6;-6991.6;-14482.9;;;;;;;;;;
2009.00273;-22.36346;-38.24834;18375.4;23398.2;16993.4;-6991.5;-14485.2;;;;;;;;;;
2009.02773;-22.36570;-38.25580;18373.4;23398.0;16991.3;-6991.4;-14487.4;;;;;;;;;;
2009.05273;-22.36795;-38.26325;18371.4;23397.8;16989.1;-6991.3;-14489.7;;;;;;;;;;
2009.07773;-22.37019;-38.27071;18369.3;23397.7;16986.9;-6991.2;-14492.0;;;;;;;;;;
2009.10273;-22.37244;-38.27816;18367.3;23397.5;16984.8;-6991.1;-14494.3;;;;;;;;;;
2009.12773;-22.37469;-38.28562;18365.3;23397.3;16982.6;-6991.0;-14496.5;;;;;;;;;;
2009.15273;-22.37693;-38.29308;18363.2;23397.1;16980.5;-6990.9;-14498.8;;;;;;;;;;
2009.17773;-22.37918;-38.30053;18361.2;23396.9;16978.3;-6990.7;-14501.1;;;;;;;;;;
2009.20273;-22.38143;-38.30799;18359.2;23396.7;16976.2;-6990.6;-14503.4;;;;;;;;;;
2009.22773;-22.38368;-38.31544;18357.1;23396.5;16974.0;-6990.5;-14505.6;;;;;;;;;;
2009.25273;-22.38593;-38.32290;18355.1;23396.3;16971.9;-6990.4;-14507.9;;;;;;;;;;
2009.27773;-22.38818;-38.33036;18353.1;23396.2;16969.7;-6990.3;-14510.2;;;;;;;;;;
2009.30273;-22.39043;-38.33781;18351.0;23396.0;16967.5;-6990.2;-14512.5;;;;;;;;;;
2009.32773;-22.39268;-38.34527;18349.0;23395.8;16965.4;-6990.1;-14514.7;;;;;;;;;;
2009.35273;-22.39493;-38.35273;18347.0;23395.6;16963.2;-6990.0;-14517.0;;;;;;;;;;
2009.37773;-22.39718;-38.36018;18344.9;23395.4;16961.1;-6989.9;-14519.3;;;;;;;;;;
2009.40273;-22.39943;-38.36764;18342.9;23395.2;16958.9;-6989.8;-14521.5;;;;;;;;;;
2009.42773;-22.40168;-38.37510;18340.9;23395.1;16956.8;-6989.7;-14523.8;;;;;;;;;;
2009.45273;-22.40394;-38.38255;18338.8;23394.9;16954.6;-6989.6;-14526.1;;;;;;;;;;
2009.47773;-22.40619;-38.39001;18336.8;23394.7;16952.5;-6989.4;-14528.4;;;;;;;;;;
2009.50273;-22.40844;-38.39747;18334.8;23394.5;16950.3;-6989.3;-14530.6;;;;;;;;;;
2009.52773;-22.41070;-38.40493;18332.7;23394.3;16948.2;-6989.2;-14532.9;;;;;;;;;;
2009.55273;-22.41295;-38.41238;18330.7;23394.1;16946.0;-6989.1;-14535.2;;;;;;;;;;
2009.57773;-22.41521;-38.41984;18328.7;23394.0;16943.8;-6989.0;-14537.5;;;;;;;;;;
2009.60273;-22.41746;-38.42730;18326.6;23393.8;16941.7;-6988.9;-14539.7;;;;;;;;;;
2009.62773;-22.41972;-38.43476;18324.6;23393.6;16939.5;-6988.8;-14542.0;;;;;;;;;;
2009.65273;-22.42198;-38.44221;18322.6;23393.4;16937.4;-6988.7;-14544.3;;;;;;;;;;
2009.67773;-22.42424;-38.44967;18320.5;23393.3;16935.2;-6988.6;-14546.6;;;;;;;;;;
2009.70273;-22.42649;-38.45713;18318.5;23393.1;16933.1;-6988.5;-14548.8;;;;;;;;;;
2009.72773;-22.42875;-38.46459;18316.5;23392.9;16930.9;-6988.4;-14551.1;;;;;;;;;;
2009.75273;-22.43101;-38.47204;18314.4;23392.7;16928.8;-6988.3;-14553.4;;;;;;;;;;
2009.77773;-22.43327;-38.47950;18312.4;23392.5;16926.6;-6988.1;-14555.6;;;;;;;;;;
2009.80273;-22.43553;-38.48696;18310.4;23392.4;16924.4;-6988.0;-14557.9;;;;;;;;;;
2009.82773;-22.43779;-38.49442;18308.3;23392.2;16922.3;-6987.9;-14560.2;;;;;;;;;;
2009.85273;-22.44005;-38.50188;18306.3;23392.0;16920.1;-6987.8;-14562.5;;;;;;;;;;
2009.87773;-22.44231;-38.50933;18304.3;23391.8;16918.0;-6987.7;-14564.7;;;;;;;;;;
2009.90273;-22.44458;-38.51679;18302.2;23391.7;16915.8;-6987.6;-14567.0;;;;;;;;;;
2009.92773;-22.44684;-38.52425;18300.2;23391.5;16913.7;-6987.5;-14569.3;;;;;;;;;;
2009.95273;-22.44910;-38.53171;18298.2;23391.3;16911.5;-6987.4;-14571.6;;;;;;;;;;
2009.97773;-22.45136;-38.53917;18296.1;23391.1;16909.4;-6987.3;-14573.8;;;;;;;;;;
2010.00273;-22.45362;-38.54671;18294.1;23390.9;16907.2;-6987.2;-14576.1;;;;;;;;;;
2010.02773;-22.45579;-38.55490;18291.7;23390.6;16904.7;-6986.9;-14578.5;;;;;;;;;;
2010.05273;-22.45797;-38.56309;18289.4;23390.3;16902.3;-6986.6;-14580.9;;;;;;;;;;
2010.07773;-22.46014;-38.57129;18287.0;23389.9;16899.9;-6986.4;-14583.3;;;;;;;;;;
2010.10273;-22.46232;-38.57948;18284.7;23389.6;16897.4;-6986.1;-14585.7;;;;;;;;;;
2010.12773;-22.46449;-38.58768;18282.3;23389.3;16895.0;-6985.9;-14588.2;;;;;;;;;;
2010.15273;-22.46667;-38.59587;18280.0;23388.9;16892.6;-6985.6;-14590.6;;;;;;;;;;
2010.17773;-22.46884;-38.60407;18277.6;23388.6;16890.1;-6985.4;-14593.0;;;;;;;;;;
2010.20273;-22.47102;-38.61226;18275.3;23388.3;16887.7;-6985.1;-14595.4;;;;;;;;;;
2010.22773;-22.47320;-38.62046;18272.9;23387.9;16885.3;-6984.9;-14597.8;;;;;;;;;;
2010.25273;-22.47538;-38.62865;18270.6;23387.6;16882.8;-6984.6;-14600.2;;;;;;;;;;
2010.27773;-22.47756;-38.63685;18268.2;23387.3;16880.4;-6984.3;-14602.6;;;;;;;;;;
2010.30273;-22.47974;-38.64504;18265.9;23386.9;16878.0;-6984.1;-14605.0;;;;;;;;;;
2010.32773;-22.48192;-38.65324;18263.5;23386.6;16875.5;-6983.8;-14607.4;;;;;;;;;;
2010.35273;-22.48410;-38.66143;18261.2;23386.3;16873.1;-6983.6;-14609.8;;;;;;;;;;
2010.37773;-22.48628;-38.66963;18258.8;23385.9;16870.7;-6983.3;-14612.2;;;;;;;;;;
2010.40273;-22.48846;-38.67783;18256.5;23385.6;16868.2;-6983.1;-14614.6;;;;;;;;;;
2010.42773;-22.49064;-38.68602;18254.2;23385.3;16865.8;-6982.8;-14617.0;;;;;;;;;;
2010.45273;-22.49282;-38.69422;18251.8;23385.0;16863.3;-6982.6;-14619.4;;;;;;;;;;
2010.47773;-22.49501;-38.70242;18249.5;23384.6;16860.9;-6982.3;-14621.8;;;;;;;;;;
2010.50273;-22.49719;-38.71062;18247.1;23384.3;16858.5;-6982.0;-14624.2;;;;;;;;;;
2010.52773;-22.49938;-38.71881;18244.8;23384.0;16856.0;-6981.8;-14626.6;;;;;;;;;;
2010.55273;-22.50156;-38.72701;18242.4;23383.6;16853.6;-6981.5;-14629.1;;;;;;;;;;
2010.57773;-22.50375;-38.73521;18240.1;23383.3;16851.2;-6981.3;-14631.5;;;;;;;;;;
2010.60273;-22.50593;-38.74341;18237.7;23383.0;16848.7;-6981.0;-14633.9;;;;;;;;;;
2010.62773;-22.50812;-38.75160;18235.4;23382.7;16846.3;-6980.8;-14636.3;;;;;;;;;;
2010.65273;-22.51031;-38.75980;18233.0;23382.3;16843.9;-6980.5;-14638.7;;;;;;;;;;
2010.67773;-22.51249;-38.76800;18230.7;23382.0;16841.4;-6980.3;-14641.1;;;;;;;;;;
2010.70273;-22.51468;-38.77620;18228.3;23381.7;16839.0;-6980.0;-14643.5;;;;;;;;;;
2010.72773;-22.51687;-38.78440;18226.0;23381.4;16836.6;-6979.7;-14645.9;;;;;;;;;;
2010.75273;-22.51906;-38.79260;18223.6;23381.1;16834.1;-6979.5;-14648.3;;;;;;;;;;
2010.77773;-22.52125;-38.80080;18221.3;23380.7;16831.7;-6979.2;-14650.7;;;;;;;;;;
2010.80273;-22.52344;-38.80900;18218.9;23380.4;16829.3;-6979.0;-14653.1;;;;;;;;;;
2010.82773;-22.52563;-38.81720;18216.6;23380.1;16826.8;-6978.7;-14655.5;;;;;;;;;;
2010.85273;-22.52783;-38.82540;18214.2;23379.8;16824.4;-6978.5;-14657.9;;;;;;;;;;
2010.87773;-22.53002;-38.83360;18211.9;23379.4;16821.9;-6978.2;-14660.3;;;;;;;;;;
2010.90273;-22.53221;-38.84180;18209.6;23379.1;16819.5;-6978.0;-14662.7;;;;;;;;;;
2010.92773;-22.53440;-38.85000;18207.2;23378.8;16817.1;-6977.7;-14665.1;;;;;;;;;;
2010.95273;-22.53660;-38.85820;18204.9;23378.5;16814.6;-6977.4;-14667.6;;;;;;;;;;
2010.97773;-22.53879;-38.86640;18202.5;23378.2;16812.2;-6977.2;-14670.0;;;;;;;;;;
2011.00273;-22.54099;-38.87460;18200.2;23377.9;16809.8;-6976.9;-14672.4;;;;;;;;;;
2011.02773;-22.54318;-38.88280;18197.8;23377.5;16807.3;-6976.7;-14674.8;;;;;;;;;;
2011.05273;-22.54538;-38.89100;18195.5;23377.2;16804.9;-6976.4;-14677.2;;;;;;;;;;
2011.07773;-22.54758;-38.89920;18193.1;23376.9;16802.5;-6976.2;-14679.6;;;;;;;;;;
2011.10273;-22.54978;-38.90741;18190.8;23376.6;16800.0;-6975.9;-14682.0;;;;;;;;;;
2011.12773;-22.55197;-38.91561;18188.4;23376.3;16797.6;-6975.6;-14684.4;;;;;;;;;;
2011.15273;-22.55417;-38.92381;18186.1;23376.0;16795.2;-6975.4;-14686.8;;;;;;;;;;
2011.17773;-22.55637;-38.93201;18183.7;23375.6;16792.7;-6975.1;-14689.2;;;;;;;;;;
2011.20273;-22.55857;-38.94021;18181.4;23375.3;16790.3;-6974.9;-14691.6;;;;;;;;;;
2011.22773;-22.56077;-38.94842;18179.0;23375.0;16787.9;-6974.6;-14694.0;;;;;;;;;;
2011.25273;-22.56297;-38.95662;18176.7;23374.7;16785.4;-6974.4;-14696.4;;;;;;;;;;
2011.27773;-22.56517;-38.96482;18174.3;23374.4;16783.0;-6974.1;-14698.8;;;;;;;;;;
2011.30273;-22.56738;-38.97303;18172.0;23374.1;16780.5;-6973.9;-14701.2;;;;;;;;;;
2011.32773;-22.56958;-38.98123;18169.7;23373.8;16778.1;-6973.6;-14703.6;;;;;;;;;;
2011.35273;-22.57178;-38.98943;18167.3;23373.5;16775.7;-6973.3;-14706.0;;;;;;;;;;
2011.37773;-22.57399;-38.99764;18165.0;23373.2;16773.2;-6973.1;-14708.5;;;;;;;;;;
2011.40273;-22.57619;-39.00584;18162.6;23372.8;16770.8;-6972.8;-14710.9;;;;;;;;;;
2011.42773;-22.57839;-39.01404;18160.3;23372.5;16768.4;-6972.6;-14713.3;;;;;;;;;;
2011.45273;-22.58060;-39.02225;18157.9;23372.2;16765.9;-6972.3;-14715.7;;;;;;;;;;
2011.47773;-22.58281;-39.03045;18155.6;23371.9;16763.5;-6972.1;-14718.1;;;;;;;;;;
2011.50273;-22.58501;-39.03866;18153.2;23371.6;16761.1;-6971.8;-14720.5;;;;;;;;;;
2011.52773;-22.58722;-39.04686;18150.9;23371.3;16758.6;-6971.6;-14722.9;;;;;;;;;;
2011.55273;-22.58943;-39.05507;18148.5;23371.0;16756.2;-6971.3;-14725.3;;;;;;;;;;
2011.57773;-22.59164;-39.06327;18146.2;23370.7;16753.8;-6971.0;-14727.7;;;;;;;;;;
2011.60273;-22.59385;-39.07148;18143.8;23370.4;16751.3;-6970.8;-14730.1;;;;;;;;;;
2011.62773;-22.59605;-39.07968;18141.5;23370.1;16748.9;-6970.5;-14732.5;;;;;;;;;;
2011.65273;-22.59826;-39.08789;18139.1;23369.8;16746.5;-6970.3;-14734.9;;;;;;;;;;
2011.67773;-22.60048;-39.09609;18136.8;23369.5;16744.0;-6970.0;-14737.3;;;;;;;;;;
2011.70273;-22.60269;-39.10430;18134.5;23369.2;16741.6;-6969.8;-14739.7;;;;;;;;;;
2011.72773;-22.60490;-39.11250;18132.1;23368.9;16739.1;-6969.5;-14742.1;;;;;;;;;;
2011.75273;-22.60711;-39.12071;18129.8;23368.6;16736.7;-6969.3;-14744.5;;;;;;;;;;
2011.77773;-22.60932;-39.12892;18127.4;23368.3;16734.3;-6969.0;-14746.9;;;;;;;;;;
2011.80273;-22.61154;-39.13712;18125.1;23368.0;16731.8;-6968.7;-14749.4;;;;;;;;;;
2011.82773;-22.61375;-39.14533;18122.7;23367.7;16729.4;-6968.5;-14751.8;;;;;;;;;;
2011.85273;-22.61597;-39.15354;18120.4;23367.4;16727.0;-6968.2;-14754.2;;;;;;;;;;
2011.87773;-22.61818;-39.16175;18118.0;23367.1;16724.5;-6968.0;-14756.6;;;;;;;;;;
2011.90273;-22.62040;-39.16995;18115.7;23366.8;16722.1;-6967.7;-14759.0;;;;;;;;;;
2011.92773;-22.62261;-39.17816;18113.3;23366.5;16719.7;-6967.5;-14761.4;;;;;;;;;;
2011.95273;-22.62483;-39.18637;18111.0;23366.2;16717.2;-6967.2;-14763.8;;;;;;;;;;
2011.97773;-22.62705;-39.19458;18108.6;23365.9;16714.8;-6967.0;-14766.2;;;;;;;;;;
2012.00273;-22.62927;-39.20278;18106.3;23365.6;16712.4;-6966.7;-14768.6;;;;;;;;;;
2012.02773;-22.63148;-39.21099;18103.9;23365.3;16709.9;-6966.4;-14771.0;;;;;;;;;;
2012.05273;-22.63370;-39.21920;18101.6;23365.0;16707.5;-6966.2;-14773.4;;;;;;;;;;
2012.07773;-22.63592;-39.22741;18099.3;23364.7;16705.1;-6965.9;-14775.8;;;;;;;;;;
2012.10273;-22.63814;-39.23562;18096.9;23364.4;16702.6;-6965.7;-14778.2;;;;;;;;;;
2012.12773;-22.64036;-39.24383;18094.6;23364.1;16700.2;-6965.4;-14780.6;;;;;;;;;;
2012.15273;-22.64259;-39.25203;18092.2;23363.8;16697.7;-6965.2;-14783.0;;;;;;;;;;
2012.17773;-22.64481;-39.26024;18089.9;23363.5;16695.3;-6964.9;-14785.4;;;;;;;;;;
2012.20273;-22.64703;-39.26845;18087.5;23363.2;16692.9;-6964.7;-14787.8;;;;;;;;;;
2012.22773;-22.64925;-39.27666;18085.2;23362.9;16690.4;-6964.4;-14790.3;;;;;;;;;;
2012.25273;-22.65148;-39.28487;18082.8;23362.6;16688.0;-6964.1;-14792.7;;;;;;;;;;
2012.27773;-22.65370;-39.29308;18080.5;23362.3;16685.6;-6963.9;-14795.1;;;;;;;;;;
2012.30273;-22.65593;-39.30129;18078.1;23362.0;16683.1;-6963.6;-14797.5;;;;;;;;;;
2012.32773;-22.65815;-39.30950;18075.8;23361.7;16680.7;-6963.4;-14799.9;;;;;;;;;;
2012.35273;-22.66038;-39.31771;18073.5;23361.4;16678.3;-6963.1;-14802.3;;;;;;;;;;
2012.37773;-22.66261;-39.32592;18071.1;23361.2;16675.8;-6962.9;-14804.7;;;;;;;;;;
2012.40273;-22.66483;-39.33413;18068.8;23360.9;16673.4;-6962.6;-14807.1;;;;;;;;;;
2012.42773;-22.66706;-39.34234;18066.4;23360.6;16671.0;-6962.4;-14809.5;;;;;;;;;;
2012.45273;-22.66929;-39.35055;18064.1;23360.3;16668.5;-6962.1;-14811.9;;;;;;;;;;
2012.47773;-22.67152;-39.35877;18061.7;23360.0;16666.1;-6961.8;-14814.3;;;;;;;;;;
2012.50273;-22.67375;-39.36698;18059.4;23359.7;16663.7;-6961.6;-14816.7;;;;;;;;;;
2012.52773;-22.67598;-39.37519;18057.0;23359.4;16661.2;-6961.3;-14819.1;;;;;;;;;;
2012.55273;-22.67821;-39.38340;18054.7;23359.1;16658.8;-6961.1;-14821.5;;;;;;;;;;
2012.57773;-22.68044;-39.39161;18052.3;23358.9;16656.4;-6960.8;-14823.9;;;;;;;;;;
2012.60273;-22.68267;-39.39982;18050.0;23358.6;16653.9;-6960.6;-14826.3;;;;;;;;;;
2012.62773;-22.68490;-39.40803;18047.7;23358.3;16651.5;-6960.3;-14828.7;;;;;;;;;;
2012.65273;-22.68714;-39.41625;18045.3;23358.0;16649.0;-6960.1;-14831.2;;;;;;;;;;
2012.67773;-22.68937;-39.42446;18043.0;23357.7;16646.6;-6959.8;-14833.6;;;;;;;;;;
2012.70273;-22.69161;-39.43267;18040.6;23357.4;16644.2;-6959.5;-14836.0;;;;;;;;;;
2012.72773;-22.69384;-39.44088;18038.3;23357.1;16641.7;-6959.3;-14838.4;;;;;;;;;;
2012.75273;-22.69608;-39.44910;18035.9;23356.9;16639.3;-6959.0;-14840.8;;;;;;;;;;
2012.77773;-22.69831;-39.45731;18033.6;23356.6;16636.9;-6958.8;-14843.2;;;;;;;;;;
2012.80273;-22.70055;-39.46552;18031.2;23356.3;16634.4;-6958.5;-14845.6;;;;;;;;;;
2012.82773;-22.70278;-39.47374;18028.9;23356.0;16632.0;-6958.3;-14848.0;;;;;;;;;;
2012.85273;-22.70502;-39.48195;18026.5;23355.7;16629.6;-6958.0;-14850.4;;;;;;;;;;
2012.87773;-22.70726;-39.49016;18024.2;23355.5;16627.1;-6957.8;-14852.8;;;;;;;;;;
2012.90273;-22.70950;-39.49838;18021.9;23355.2;16624.7;-6957.5;-14855.2;;;;;;;;;;
2012.92773;-22.71174;-39.50659;18019.5;23354.9;16622.3;-6957.2;-14857.6;;;;;;;;;;
2012.95273;-22.71398;-39.51480;18017.2;23354.6;16619.8;-6957.0;-14860.0;;;;;;;;;;
2012.97773;-22.71622;-39.52302;18014.8;23354.3;16617.4;-6956.7;-14862.4;;;;;;;;;;
2013.00273;-22.71846;-39.53123;18012.5;23354.1;16615.0;-6956.5;-14864.8;;;;;;;;;;
2013.02773;-22.72070;-39.53945;18010.1;23353.8;16612.5;-6956.2;-14867.2;;;;;;;;;;
2013.05273;-22.72295;-39.54766;18007.8;23353.5;16610.1;-6956.0;-14869.6;;;;;;;;;;
2013.07773;-22.72519;-39.55588;18005.4;23353.2;16607.6;-6955.7;-14872.1;;;;;;;;;;
2013.10273;-22.72743;-39.56409;18003.1;23353.0;16605.2;-6955.5;-14874.5;;;;;;;;;;
2013.12773;-22.72968;-39.57231;18000.7;23352.7;16602.8;-6955.2;-14876.9;;;;;;;;;;
2013.15273;-22.73192;-39.58052;17998.4;23352.4;16600.3;-6954.9;-14879.3;;;;;;;;;;
2013.17773;-22.73417;-39.58874;17996.1;23352.1;16597.9;-6954.7;-14881.7;;;;;;;;;;
2013.20273;-22.73641;-39.59695;17993.7;23351.9;16595.5;-6954.4;-14884.1;;;;;;;;;;
2013.22773;-22.73866;-39.60517;17991.4;23351.6;16593.0;-6954.2;-14886.5;;;;;;;;;;
2013.25273;-22.74091;-39.61338;17989.0;23351.3;16590.6;-6953.9;-14888.9;;;;;;;;;;
2013.27773;-22.74315;-39.62160;17986.7;23351.0;16588.2;-6953.7;-14891.3;;;;;;;;;;
2013.30273;-22.74540;-39.62982;17984.3;23350.8;16585.7;-6953.4;-14893.7;;;;;;;;;;
2013.32773;-22.74765;-39.63803;17982.0;23350.5;16583.3;-6953.2;-14896.1;;;;;;;;;;
2013.35273;-22.74990;-39.64625;17979.6;23350.2;16580.9;-6952.9;-14898.5;;;;;;;;;;
2013.37773;-22.75215;-39.65447;17977.3;23350.0;16578.4;-6952.6;-14900.9;;;;;;;;;;
2013.40273;-22.75440;-39.66268;17975.0;23349.7;16576.0;-6952.4;-14903.3;;;;;;;;;;
2013.42773;-22.75665;-39.67090;17972.6;23349.4;16573.6;-6952.1;-14905.7;;;;;;;;;;
2013.45273;-22.75890;-39.67912;17970.3;23349.2;16571.1;-6951.9;-14908.1;;;;;;;;;;
2013.47773;-22.76116;-39.68733;17967.9;23348.9;16568.7;-6951.6;-14910.5;;;;;;;;;;
2013.50273;-22.76341;-39.69555;17965.6;23348.6;16566.2;-6951.4;-14913.0;;;;;;;;;;
2013.52773;-22.76566;-39.70377;17963.2;23348.4;16563.8;-6951.1;-14915.4;;;;;;;;;;
2013.55273;-22.76792;-39.71199;17960.9;23348.1;16561.4;-6950.9;-14917.8;;;;;;;;;;
2013.57773;-22.77017;-39.72020;17958.5;23347.8;16558.9;-6950.6;-14920.2;;;;;;;;;;
2013.60273;-22.77243;-39.72842;17956.2;23347.6;16556.5;-6950.3;-14922.6;;;;;;;;;;
2013.62773;-22.77468;-39.73664;17953.9;23347.3;16554.1;-6950.1;-14925.0;;;;;;;;;;
2013.65273;-22.77694;-39.74486;17951.5;23347.0;16551.6;-6949.8;-14927.4;;;;;;;;;;
2013.67773;-22.77920;-39.75308;17949.2;23346.8;16549.2;-6949.6;-14929.8;;;;;;;;;;
2013.70273;-22.78145;-39.76129;17946.8;23346.5;16546.8;-6949.3;-14932.2;;;;;;;;;;
2013.72773;-22.78371;-39.76951;17944.5;23346.2;16544.3;-6949.1;-14934.6;;;;;;;;;;
2013.75273;-22.78597;-39.77773;17942.1;23346.0;16541.9;-6948.8;-14937.0;;;;;;;;;;
2013.77773;-22.78823;-39.78595;17939.8;23345.7;16539.5;-6948.6;-14939.4;;;;;;;;;;
2013.80273;-22.79049;-39.79417;17937.4;23345.5;16537.0;-6948.3;-14941.8;;;;;;;;;;
2013.82773;-22.79275;-39.80239;17935.1;23345.2;16534.6;-6948.0;-14944.2;;;;;;;;;;
2013.85273;-22.79501;-39.81061;17932.8;23344.9;16532.2;-6947.8;-14946.6;;;;;;;;;;
2013.87773;-22.79727;-39.81883;17930.4;23344.7;16529.7;-6947.5;-14949.0;;;;;;;;;;
2013.90273;-22.79954;-39.82705;17928.1;23344.4;16527.3;-6947.3;-14951.4;;;;;;;;;;
2013.92773;-22.80180;-39.83527;17925.7;23344.2;16524.8;-6947.0;-14953.9;;;;;;;;;;
2013.95273;-22.80406;-39.84349;17923.4;23343.9;16522.4;-6946.8;-14956.3;;;;;;;;;;
2013.97773;-22.80633;-39.85171;17921.0;23343.6;16520.0;-6946.5;-14958.7;;;;;;;;;;
2014.00273;-22.80859;-39.85993;17918.7;23343.4;16517.5;-6946.3;-14961.1;;;;;;;;;;
2014.02773;-22.81086;-39.86815;17916.4;23343.1;16515.1;-6946.0;-14963.5;;;;;;;;;;
2014.05273;-22.81312;-39.87637;17914.0;23342.9;16512.7;-6945.7;-14965.9;;;;;;;;;;
2014.07773;-22.81539;-39.88459;17911.7;23342.6;16510.2;-6945.5;-14968.3;;;;;;;;;;
2014.10273;-22.81766;-39.89281;17909.3;23342.4;16507.8;-6945.2;-14970.7;;;;;;;;;;
2014.12773;-22.81992;-39.90103;17907.0;23342.1;16505.4;-6945.0;-14973.1;;;;;;;;;;
2014.15273;-22.82219;-39.90925;17904.6;23341.8;16502.9;-6944.7;-14975.5;;;;;;;;;;
2014.17773;-22.82446;-39.91747;17902.3;23341.6;16500.5;-6944.5;-14977.9;;;;;;;;;;
2014.20273;-22.82673;-39.92569;17899.9;23341.3;16498.1;-6944.2;-14980.3;;;;;;;;;;
2014.22773;-22.82900;-39.93391;17897.6;23341.1;16495.6;-6943.9;-14982.7;;;;;;;;;;
2014.25273;-22.83127;-39.94214;17895.3;23340.8;16493.2;-6943.7;-14985.1;;;;;;;;;;
2014.27773;-22.83354;-39.95036;17892.9;23340.6;16490.8;-6943.4;-14987.5;;;;;;;;;;
2014.30273;-22.83581;-39.95858;17890.6;23340.3;16488.3;-6943.2;-14989.9;;;;;;;;;;
2014.32773;-22.83809;-39.96680;17888.2;23340.1;16485.9;-6942.9;-14992.4;;;;;;;;;;
2014.35273;-22.84036;-39.97502;17885.9;23339.8;16483.5;-6942.7;-14994.8;;;;;;;;;;
2014.37773;-22.84263;-39.98324;17883.5;23339.6;16481.0;-6942.4;-14997.2;;;;;;;;;;
2014.40273;-22.84491;-39.99147;17881.2;23339.3;16478.6;-6942.2;-14999.6;;;;;;;;;;
2014.42773;-22.84718;-39.99969;17878.9;23339.1;16476.1;-6941.9;-15002.0;;;;;;;;;;
2014.45273;-22.84946;-40.00791;17876.5;23338.8;16473.7;-6941.6;-15004.4;;;;;;;;;;
2014.47773;-22.85173;-40.01613;17874.2;23338.6;16471.3;-6941.4;-15006.8;;;;;;;;;;
2014.50273;-22.85401;-40.02436;17871.8;23338.3;16468.8;-6941.1;-15009.2;;;;;;;;;;
2014.52773;-22.85629;-40.03258;17869.5;23338.1;16466.4;-6940.9;-15011.6;;;;;;;;;;
2014.55273;-22.85857;-40.04080;17867.1;23337.8;16464.0;-6940.6;-15014.0;;;;;;;;;;
2014.57773;-22.86084;-40.04903;17864.8;23337.6;16461.5;-6940.4;-15016.4;;;;;;;;;;
2014.60273;-22.86312;-40.05725;17862.5;23337.4;16459.1;-6940.1;-15018.8;;;;;;;;;;
2014.62773;-22.86540;-40.06547;17860.1;23337.1;16456.7;-6939.9;-15021.2;;;;;;;;;;
2014.65273;-22.86768;-40.07370;17857.8;23336.9;16454.2;-6939.6;-15023.6;;;;;;;;;;
2014.67773;-22.86996;-40.08192;17855.4;23336.6;16451.8;-6939.3;-15026.0;;;;;;;;;;
2014.70273;-22.87225;-40.09014;17853.1;23336.4;16449.4;-6939.1;-15028.4;;;;;;;;;;
2014.72773;-22.87453;-40.09837;17850.7;23336.1;16446.9;-6938.8;-15030.8;;;;;;;;;;
2014.75273;-22.87681;-40.10659;17848.4;23335.9;16444.5;-6938.6;-15033.3;;;;;;;;;;
2014.77773;-22.87909;-40.11482;17846.0;23335.6;16442.1;-6938.3;-15035.7;;;;;;;;;;
2014.80273;-22.88138;-40.12304;17843.7;23335.4;16439.6;-6938.1;-15038.1;;;;;;;;;;
2014.82773;-22.88366;-40.13127;17841.4;23335.2;16437.2;-6937.8;-15040.5;;;;;;;;;;
2014.85273;-22.88595;-40.13949;17839.0;23334.9;16434.7;-6937.6;-15042.9;;;;;;;;;;
2014.87773;-22.88823;-40.14771;17836.7;23334.7;16432.3;-6937.3;-15045.3;;;;;;;;;;
2014.90273;-22.89052;-40.15594;17834.3;23334.4;16429.9;-6937.0;-15047.7;;;;;;;;;;
2014.92773;-22.89281;-40.16416;17832.0;23334.2;16427.4;-6936.8;-15050.1;;;;;;;;;;
2014.95273;-22.89509;-40.17239;17829.6;23334.0;16425.0;-6936.5;-15052.5;;;;;;;;;;
2014.97773;-22.89738;-40.18061;17827.3;23333.7;16422.6;-6936.3;-15054.9;;;;;;;;;;
2015.00273;-22.89968;-40.18881;17825.0;23333.5;16420.2;-6936.0;-15057.3;;;;;;;;;;
2015.02773;-22.90210;-40.19675;17822.8;23333.4;16417.9;-6935.9;-15059.7;;;;;;;;;;
2015.05273;-22.90452;-40.20469;17820.7;23333.3;16415.6;-6935.7;-15062.1;;;;;;;;;;
2015.07773;-22.90694;-40.21263;17818.5;23333.3;16413.3;-6935.6;-15064.6;;;;;;;;;;
2015.10273;-22.90936;-40.22057;17816.4;23333.2;16411.1;-6935.5;-15067.0;;;;;;;;;;
2015.12773;-22.91178;-40.22850;17814.2;23333.1;16408.8;-6935.3;-15069.4;;;;;;;;;;
2015.15273;-22.91420;-40.23644;17812.1;23333.0;16406.5;-6935.2;-15071.8;;;;;;;;;;
2015.17773;-22.91662;-40.24438;17809.9;23332.9;16404.2;-6935.0;-15074.2;;;;;;;;;;
2015.20273;-22.91904;-40.25232;17807.8;23332.8;16402.0;-6934.9;-15076.6;;;;;;;;;;
2015.22773;-22.92147;-40.26026;17805.6;23332.8;16399.7;-6934.7;-15079.0;;;;;;;;;;
2015.25273;-22.92389;-40.26820;17803.5;23332.7;16397.4;-6934.6;-15081.5;;;;;;;;;;
2015.27773;-22.92631;-40.27614;17801.3;23332.6;16395.1;-6934.5;-15083.9;;;;;;;;;;
2015.30273;-22.92874;-40.28408;17799.2;23332.5;16392.9;-6934.3;-15086.3;;;;;;;;;;
2015.32773;-22.93116;-40.29202;17797.0;23332.4;16390.6;-6934.2;-15088.7;;;;;;;;;;
2015.35273;-22.93359;-40.29996;17794.9;23332.4;16388.3;-6934.0;-15091.1;;;;;;;;;;
2015.37773;-22.93601;-40.30790;17792.7;23332.3;16386.0;-6933.9;-15093.5;;;;;;;;;;
2015.40273;-22.93844;-40.31584;17790.6;23332.2;16383.8;-6933.7;-15096.0;;;;;;;;;;
2015.42773;-22.94087;-40.32378;17788.4;23332.1;16381.5;-6933.6;-15098.4;;;;;;;;;;
2015.45273;-22.94330;-40.33171;17786.3;23332.1;16379.2;-6933.4;-15100.8;;;;;;;;;;
2015.47773;-22.94573;-40.33965;17784.1;23332.0;16376.9;-6933.3;-15103.2;;;;;;;;;;
2015.50273;-22.94815;-40.34759;17782.0;23331.9;16374.7;-6933.2;-15105.6;;;;;;;;;;
2015.52773;-22.95058;-40.35553;17779.8;23331.8;16372.4;-6933.0;-15108.0;;;;;;;;;;
2015.55273;-22.95301;-40.36347;17777.7;23331.8;16370.1;-6932.9;-15110.4;;;;;;;;;;
2015.57773;-22.95545;-40.37141;17775.5;23331.7;16367.8;-6932.7;-15112.9;;;;;;;;;;
2015.60273;-22.95788;-40.37935;17773.4;23331.6;16365.6;-6932.6;-15115.3;;;;;;;;;;
2015.62773;-22.96031;-40.38729;17771.2;23331.5;16363.3;-6932.4;-15117.7;;;;;;;;;;
2015.65273;-22.96274;-40.39523;17769.1;23331.5;16361.0;-6932.3;-15120.1;;;;;;;;;;
2015.67773;-22.96517;-40.40317;17766.9;23331.4;16358.7;-6932.1;-15122.5;;;;;;;;;;
2015.70273;-22.96761;-40.41111;17764.8;23331.3;16356.5;-6932.0;-15124.9;;;;;;;;;;
2015.72773;-22.97004;-40.41905;17762.6;23331.3;16354.2;-6931.9;-15127.4;;;;;;;;;;
2015.75273;-22.97248;-40.42699;17760.5;23331.2;16351.9;-6931.7;-15129.8;;;;;;;;;;
2015.77773;-22.97491;-40.43493;17758.3;23331.1;16349.7;-6931.6;-15132.2;;;;;;;;;;
2015.80273;-22.97735;-40.44286;17756.2;23331.0;16347.4;-6931.4;-15134.6;;;;;;;;;;
2015.82773;-22.97979;-40.45080;17754.0;23331.0;16345.1;-6931.3;-15137.0;;;;;;;;;;
2015.85273;-22.98222;-40.45874;17751.9;23330.9;16342.8;-6931.1;-15139.4;;;;;;;;;;
2015.87773;-22.98466;-40.46668;17749.7;23330.8;16340.6;-6931.0;-15141.8;;;;;;;;;;
2015.90273;-22.98710;-40.47462;17747.6;23330.8;16338.3;-6930.8;-15144.3;;;;;;;;;;
2015.92773;-22.98954;-40.48256;17745.4;23330.7;16336.0;-6930.7;-15146.7;;;;;;;;;;
2015.95273;-22.99198;-40.49050;17743.3;23330.6;16333.7;-6930.6;-15149.1;;;;;;;;;;
2015.97773;-22.99442;-40.49844;17741.1;23330.6;16331.5;-6930.4;-15151.5;;;;;;;;;;
2016.00273;-22.99686;-40.50638;17739.0;23330.5;16329.2;-6930.3;-15153.9;;;;;;;;;;
2016.02773;-22.99930;-40.51432;17736.8;23330.4;16326.9;-6930.1;-15156.3;;;;;;;;;;
2016.05273;-23.00174;-40.52226;17734.7;23330.4;16324.6;-6930.0;-15158.8;;;;;;;;;;
2016.07773;-23.00419;-40.53020;17732.5;23330.3;16322.4;-6929.8;-15161.2;;;;;;;;;;
2016.10273;-23.00663;-40.53814;17730.4;23330.2;16320.1;-6929.7;-15163.6;;;;;;;;;;
2016.12773;-23.00907;-40.54607;17728.2;23330.2;16317.8;-6929.6;-15166.0;;;;;;;;;;
2016.15273;-23.01152;-40.55401;17726.1;23330.1;16315.5;-6929.4;-15168.4;;;;;;;;;;
2016.17773;-23.01396;-40.56195;17723.9;23330.1;16313.3;-6929.3;-15170.8;;;;;;;;;;
2016.20273;-23.01641;-40.56989;17721.8;23330.0;16311.0;-6929.1;-15173.2;;;;;;;;;;
2016.22773;-23.01886;-40.57783;17719.6;23329.9;16308.7;-6929.0;-15175.7;;;;;;;;;;
2016.25273;-23.02130;-40.58577;17717.5;23329.9;16306.4;-6928.8;-15178.1;;;;;;;;;;
2016.27773;-23.02375;-40.59371;17715.3;23329.8;16304.2;-6928.7;-15180.5;;;;;;;;;;
2016.30273;-23.02620;-40.60165;17713.2;23329.7;16301.9;-6928.5;-15182.9;;;;;;;;;;
2016.32773;-23.02865;-40.60959;17711.0;23329.7;16299.6;-6928.4;-15185.3;;;;;;;;;;
2016.35273;-23.03110;-40.61753;17708.9;23329.6;16297.3;-6928.3;-15187.7;;;;;;;;;;
2016.37773;-23.03355;-40.62547;17706.7;23329.6;16295.1;-6928.1;-15190.2;;;;;;;;;;
2016.40273;-23.03600;-40.63340;17704.6;23329.5;16292.8;-6928.0;-15192.6;;;;;;;;;;
2016.42773;-23.03845;-40.64134;17702.4;23329.4;16290.5;-6927.8;-15195.0;;;;;;;;;;
2016.45273;-23.04090;-40.64928;17700.3;23329.4;16288.2;-6927.7;-15197.4;;;;;;;;;;
2016.47773;-23.04335;-40.65722;17698.1;23329.3;16286.0;-6927.5;-15199.8;;;;;;;;;;
2016.50273;-23.04580;-40.66516;17696.0;23329.3;16283.7;-6927.4;-15202.2;;;;;;;;;;
2016.52773;-23.04826;-40.67310;17693.8;23329.2;16281.4;-6927.2;-15204.6;;;;;;;;;;
2016.55273;-23.05071;-40.68104;17691.7;23329.2;16279.1;-6927.1;-15207.1;;;;;;;;;;
2016.57773;-23.05317;-40.68898;17689.5;23329.1;16276.9;-6927.0;-15209.5;;;;;;;;;;
2016.60273;-23.05562;-40.69692;17687.4;23329.1;16274.6;-6926.8;-15211.9;;;;;;;;;;
2016.62773;-23.05808;-40.70486;17685.2;23329.0;16272.3;-6926.7;-15214.3;;;;;;;;;;
2016.65273;-23.06053;-40.71279;17683.1;23328.9;16270.1;-6926.5;-15216.7;;;;;;;;;;
2016.67773;-23.06299;-40.72073;17680.9;23328.9;16267.8;-6926.4;-15219.1;;;;;;;;;;
2016.70273;-23.06545;-40.72867;17678.8;23328.8;16265.5;-6926.2;-15221.6;;;;;;;;;;
2016.72773;-23.06791;-40.73661;17676.6;23328.8;16263.2;-6926.1;-15224.0;;;;;;;;;;
2016.75273;-23.07036;-40.74455;17674.5;23328.7;16261.0;-6925.9;-15226.4;;;;;;;;;;
2016.77773;-23.07282;-40.75249;17672.3;23328.7;16258.7;-6925.8;-15228.8;;;;;;;;;;
2016.80273;-23.07528;-40.76043;17670.2;23328.6;16256.4;-6925.7;-15231.2;;;;;;;;;;
2016.82773;-23.07774;-40.76837;17668.0;23328.6;16254.1;-6925.5;-15233.6;;;;;;;;;;
2016.85273;-23.08020;-40.77631;17665.9;23328.5;16251.9;-6925.4;-15236.0;;;;;;;;;;
2016.87773;-23.08267;-40.78424;17663.7;23328.5;16249.6;-6925.2;-15238.5;;;;;;;;;;
2016.90273;-23.08513;-40.79218;17661.6;23328.4;16247.3;-6925.1;-15240.9;;;;;;;;;;
2016.92773;-23.08759;-40.80012;17659.4;23328.4;16245.0;-6924.9;-15243.3;;;;;;;;;;
2016.95273;-23.09006;-40.80806;17657.3;23328.3;16242.8;-6924.8;-15245.7;;;;;;;;;;
2016.97773;-23.09252;-40.81600;17655.1;23328.3;16240.5;-6924.6;-15248.1;;;;;;;;;;
2017.00273;-23.09498;-40.82394;17653.0;23328.2;16238.2;-6924.5;-15250.5;;;;;;;;;;
2017.02773;-23.09745;-40.83188;17650.8;23328.2;16235.9;-6924.4;-15252.9;;;;;;;;;;
2017.05273;-23.09992;-40.83981;17648.7;23328.2;16233.7;-6924.2;-15255.4;;;;;;;;;;
2017.07773;-23.10238;-40.84775;17646.6;23328.1;16231.4;-6924.1;-15257.8;;;;;;;;;;
2017.10273;-23.10485;-40.85569;17644.4;23328.1;16229.1;-6923.9;-15260.2;;;;;;;;;;
2017.12773;-23.10732;-40.86363;17642.3;23328.0;16226.8;-6923.8;-15262.6;;;;;;;;;;
2017.15273;-23.10979;-40.87157;17640.1;23328.0;16224.6;-6923.6;-15265.0;;;;;;;;;;
2017.17773;-23.11225;-40.87951;17638.0;23327.9;16222.3;-6923.5;-15267.4;;;;;;;;;;
2017.20273;-23.11472;-40.88745;17635.8;23327.9;16220.0;-6923.4;-15269.9;;;;;;;;;;
2017.22773;-23.11719;-40.89538;17633.7;23327.8;16217.7;-6923.2;-15272.3;;;;;;;;;;
2017.25273;-23.11966;-40.90332;17631.5;23327.8;16215.5;-6923.1;-15274.7;;;;;;;;;;
2017.27773;-23.12214;-40.91126;17629.4;23327.8;16213.2;-6922.9;-15277.1;;;;;;;;;;
2017.30273;-23.12461;-40.91920;17627.2;23327.7;16210.9;-6922.8;-15279.5;;;;;;;;;;
2017.32773;-23.12708;-40.92714;17625.1;23327.7;16208.6;-6922.6;-15281.9;;;;;;;;;;
2017.35273;-23.12955;-40.93508;17622.9;23327.6;16206.4;-6922.5;-15284.3;;;;;;;;;;
2017.37773;-23.13203;-40.94302;17620.8;23327.6;16204.1;-6922.3;-15286.8;;;;;;;;;;
2017.40273;-23.13450;-40.95095;17618.6;23327.6;16201.8;-6922.2;-15289.2;;;;;;;;;;
2017.42773;-23.13698;-40.95889;17616.5;23327.5;16199.6;-6922.1;-15291.6;;;;;;;;;;
2017.45273;-23.13945;-40.96683;17614.3;23327.5;16197.3;-6921.9;-15294.0;;;;;;;;;;
2017.47773;-23.14193;-40.97477;17612.2;23327.4;16195.0;-6921.8;-15296.4;;;;;;;;;;
2017.50273;-23.14441;-40.98271;17610.0;23327.4;16192.7;-6921.6;-15298.8;;;;;;;;;;
2017.52773;-23.14688;-40.99064;17607.9;23327.4;16190.5;-6921.5;-15301.3;;;;;;;;;;
2017.55273;-23.14936;-40.99858;17605.7;23327.3;16188.2;-6921.3;-15303.7;;;;;;;;;;
2017.57773;-23.15184;-41.00652;17603.6;23327.3;16185.9;-6921.2;-15306.1;;;;;;;;;;
2017.60273;-23.15432;-41.01446;17601.4;23327.3;16183.6;-6921.0;-15308.5;;;;;;;;;;
2017.62773;-23.15680;-41.02240;17599.3;23327.2;16181.4;-6920.9;-15310.9;;;;;;;;;;
2017.65273;-23.15928;-41.03033;17597.1;23327.2;16179.1;-6920.8;-15313.3;;;;;;;;;;
2017.67773;-23.16176;-41.03827;17595.0;23327.2;16176.8;-6920.6;-15315.7;;;;;;;;;;
2017.70273;-23.16424;-41.04621;17592.9;23327.1;16174.5;-6920.5;-15318.2;;;;;;;;;;
2017.72773;-23.16672;-41.05415;17590.7;23327.1;16172.3;-6920.3;-15320.6;;;;;;;;;;
2017.75273;-23.16921;-41.06209;17588.6;23327.1;16170.0;-6920.2;-15323.0;;;;;;;;;;
2017.77773;-23.17169;-41.07002;17586.4;23327.0;16167.7;-6920.0;-15325.4;;;;;;;;;;
2017.80273;-23.17417;-41.07796;17584.3;23327.0;16165.4;-6919.9;-15327.8;;;;;;;;;;
2017.82773;-23.17666;-41.08590;17582.1;23327.0;16163.2;-6919.7;-15330.2;;;;;;;;;;
2017.85273;-23.17914;-41.09384;17580.0;23326.9;16160.9;-6919.6;-15332.7;;;;;;;;;;
2017.87773;-23.18163;-41.10178;17577.8;23326.9;16158.6;-6919.5;-15335.1;;;;;;;;;;
2017.90273;-23.18412;-41.10971;17575.7;23326.9;16156.3;-6919.3;-15337.5;;;;;;;;;;
2017.92773;-23.18660;-41.11765;17573.5;23326.8;16154.1;-6919.2;-15339.9;;;;;;;;;;
2017.95273;-23.18909;-41.12559;17571.4;23326.8;16151.8;-6919.0;-15342.3;;;;;;;;;;
2017.97773;-23.19158;-41.13353;17569.2;23326.8;16149.5;-6918.9;-15344.7;;;;;;;;;;
2018.00273;-23.19407;-41.14146;17567.1;23326.7;16147.2;-6918.7;-15347.1;;;;;;;;;;
2018.02773;-23.19656;-41.14940;17564.9;23326.7;16145.0;-6918.6;-15349.6;;;;;;;;;;
2018.05273;-23.19905;-41.15734;17562.8;23326.7;16142.7;-6918.4;-15352.0;;;;;;;;;;
2018.07773;-23.20154;-41.16528;17560.6;23326.7;16140.4;-6918.3;-15354.4;;;;;;;;;;
2018.10273;-23.20403;-41.17321;17558.5;23326.6;16138.1;-6918.2;-15356.8;;;;;;;;;;
2018.12773;-23.20652;-41.18115;17556.3;23326.6;16135.9;-6918.0;-15359.2;;;;;;;;;;
2018.15273;-23.20901;-41.18909;17554.2;23326.6;16133.6;-6917.9;-15361.6;;;;;;;;;;
2018.17773;-23.21151;-41.19703;17552.1;23326.6;16131.3;-6917.7;-15364.1;;;;;;;;;;
2018.20273;-23.21400;-41.20496;17549.9;23326.5;16129.0;-6917.6;-15366.5;;;;;;;;;;
2018.22773;-23.21650;-41.21290;17547.8;23326.5;16126.8;-6917.4;-15368.9;;;;;;;;;;
2018.25273;-23.21899;-41.22084;17545.6;23326.5;16124.5;-6917.3;-15371.3;;;;;;;;;;
2018.27773;-23.22149;-41.22877;17543.5;23326.5;16122.2;-6917.2;-15373.7;;;;;;;;;;
2018.30273;-23.22398;-41.23671;17541.3;23326.4;16120.0;-6917.0;-15376.1;;;;;;;;;;
2018.32773;-23.22648;-41.24465;17539.2;23326.4;16117.7;-6916.9;-15378.5;;;;;;;;;;
2018.35273;-23.22898;-41.25259;17537.0;23326.4;16115.4;-6916.7;-15381.0;;;;;;;;;;
2018.37773;-23.23148;-41.26052;17534.9;23326.4;16113.1;-6916.6;-15383.4;;;;;;;;;;
2018.40273;-23.23397;-41.26846;17532.7;23326.4;16110.9;-6916.4;-15385.8;;;;;;;;;;
2018.42773;-23.23647;-41.27640;17530.6;23326.3;16108.6;-6916.3;-15388.2;;;;;;;;;;
2018.45273;-23.23897;-41.28433;17528.4;23326.3;16106.3;-6916.1;-15390.6;;;;;;;;;;
2018.47773;-23.24147;-41.29227;17526.3;23326.3;16104.0;-6916.0;-15393.0;;;;;;;;;;
2018.50273;-23.24397;-41.30021;17524.1;23326.3;16101.8;-6915.9;-15395.4;;;;;;;;;;
2018.52773;-23.24648;-41.30814;17522.0;23326.3;16099.5;-6915.7;-15397.9;;;;;;;;;;
2018.55273;-23.24898;-41.31608;17519.9;23326.2;16097.2;-6915.6;-15400.3;;;;;;;;;;
2018.57773;-23.25148;-41.32402;17517.7;23326.2;16094.9;-6915.4;-15402.7;;;;;;;;;;
2018.60273;-23.25399;-41.33195;17515.6;23326.2;16092.7;-6915.3;-15405.1;;;;;;;;;;
2018.62773;-23.25649;-41.33989;17513.4;23326.2;16090.4;-6915.1;-15407.5;;;;;;;;;;
2018.65273;-23.25899;-41.34783;17511.3;23326.2;16088.1;-6915.0;-15409.9;;;;;;;;;;
2018.67773;-23.26150;-41.35576;17509.1;23326.2;16085.8;-6914.8;-15412.4;;;;;;;;;;
2018.70273;-23.26401;-41.36370;17507.0;23326.2;16083.6;-6914.7;-15414.8;;;;;;;;;;
2018.72773;-23.26651;-41.37164;17504.8;23326.1;16081.3;-6914.6;-15417.2;;;;;;;;;;
2018.75273;-23.26902;-41.37957;17502.7;23326.1;16079.0;-6914.4;-15419.6;;;;;;;;;;
2018.77773;-23.27153;-41.38751;17500.5;23326.1;16076.7;-6914.3;-15422.0;;;;;;;;;;
2018.80273;-23.27404;-41.39545;17498.4;23326.1;16074.5;-6914.1;-15424.4;;;;;;;;;;
2018.82773;-23.27654;-41.40338;17496.2;23326.1;16072.2;-6914.0;-15426.8;;;;;;;;;;
2018.85273;-23.27905;-41.41132;17494.1;23326.1;16069.9;-6913.8;-15429.3;;;;;;;;;;
2018.87773;-23.28156;-41.41925;17491.9;23326.1;16067.6;-6913.7;-15431.7;;;;;;;;;;
2018.90273;-23.28408;-41.42719;17489.8;23326.0;16065.4;-6913.5;-15434.1;;;;;;;;;;
2018.92773;-23.28659;-41.43513;17487.7;23326.0;16063.1;-6913.4;-15436.5;;;;;;;;;;
2018.95273;-23.28910;-41.44306;17485.5;23326.0;16060.8;-6913.3;-15438.9;;;;;;;;;;
2018.97773;-23.29161;-41.45100;17483.4;23326.0;16058.5;-6913.1;-15441.3;;;;;;;;;;
;;;;;;;;;;;;;;;;;
;;;;;;;;;;;;;;;;;
;;;;;;;;;;;;;;;;;
;;;;;;;;;;;;;;;;;
;;;;;;;;;;;;;;;;;
;;;;;;;;;;;;;;;;;
;;;;;;;;;;;;;;;;;
;;;;;;;;;;;;;;;;;
;;;;;;;;;;;;;;;;;
;;;;;;;;;;;;;;;;;
;;;;;;;;;;;;;;;;;
;;;;;;;;;;;;;;;;;
;;;;;;;;;;;;;;;;;
;;;;;;;;;;;;;;;;;
;;;;;;;;;;;;;;;;;
;;;;;;;;;;;;;;;;;
;;;;;;;;;;;;;;;;;
;;;;;;;;;;;;;;;;;
