1987.00000,-3.10000,-50.95000,0.00000,8.27089,-0.30982
1987.00000,-3.10000,-50.94000,0.00000,8.26134,-0.30990
1987.00000,-3.10000,-50.93000,0.00000,8.25179,-0.30998
1987.00000,-3.10000,-50.92000,0.00000,8.24223,-0.31007
1987.00000,-3.10000,-50.91000,0.00000,8.23267,-0.31015
1987.00000,-3.10000,-50.90000,0.00000,8.22311,-0.31023
1987.00000,-3.10000,-50.89000,0.00000,8.21354,-0.31031
1987.00000,-3.10000,-50.88000,0.00000,8.20397,-0.31039
1987.00000,-3.10000,-50.87000,0.00000,8.19440,-0.31048
1987.00000,-3.10000,-50.86000,0.00000,8.18483,-0.31056
1987.00000,-3.10000,-50.85000,0.00000,8.17525,-0.31064
1987.00000,-3.10000,-50.84000,0.00000,8.16566,-0.31072
1987.00000,-3.10000,-50.83000,0.00000,8.15608,-0.31080
1987.00000,-3.10000,-50.82000,0.00000,8.14649,-0.31088
1987.00000,-3.10000,-50.81000,0.00000,8.13689,-0.31097
1987.00000,-3.10000,-50.80000,0.00000,8.12730,-0.31105
1987.00000,-3.11000,-50.95000,0.00000,8.25338,-0.30984
1987.00000,-3.11000,-50.94000,0.00000,8.24383,-0.30992
1987.00000,-3.11000,-50.93000,0.00000,8.23428,-0.31000
1987.00000,-3.11000,-50.92000,0.00000,8.22472,-0.31008
1987.00000,-3.11000,-50.91000,0.00000,8.21516,-0.31017
1987.00000,-3.11000,-50.90000,0.00000,8.20560,-0.31025
1987.00000,-3.11000,-50.89000,0.00000,8.19603,-0.31033
1987.00000,-3.11000,-50.88000,0.00000,8.18646,-0.31041
1987.00000,-3.11000,-50.87000,0.00000,8.17689,-0.31049
1987.00000,-3.11000,-50.86000,0.00000,8.16731,-0.31058
1987.00000,-3.11000,-50.85000,0.00000,8.15773,-0.31066
1987.00000,-3.11000,-50.84000,0.00000,8.14815,-0.31074
1987.00000,-3.11000,-50.83000,0.00000,8.13856,-0.31082
1987.00000,-3.11000,-50.82000,0.00000,8.12897,-0.31090
1987.00000,-3.11000,-50.81000,0.00000,8.11938,-0.31098
1987.00000,-3.11000,-50.80000,0.00000,8.10978,-0.31107
1987.00000,-3.12000,-50.95000,0.00000,8.23587,-0.30986
1987.00000,-3.12000,-50.94000,0.00000,8.22632,-0.30994
1987.00000,-3.12000,-50.93000,0.00000,8.21677,-0.31002
1987.00000,-3.12000,-50.92000,0.00000,8.20721,-0.31010
1987.00000,-3.12000,-50.91000,0.00000,8.19765,-0.31018
1987.00000,-3.12000,-50.90000,0.00000,8.18809,-0.31027
1987.00000,-3.12000,-50.89000,0.00000,8.17852,-0.31035
1987.00000,-3.12000,-50.88000,0.00000,8.16895,-0.31043
1987.00000,-3.12000,-50.87000,0.00000,8.15938,-0.31051
1987.00000,-3.12000,-50.86000,0.00000,8.14980,-0.31059
1987.00000,-3.12000,-50.85000,0.00000,8.14022,-0.31068
1987.00000,-3.12000,-50.84000,0.00000,8.13064,-0.31076
1987.00000,-3.12000,-50.83000,0.00000,8.12105,-0.31084
1987.00000,-3.12000,-50.82000,0.00000,8.11146,-0.31092
1987.00000,-3.12000,-50.81000,0.00000,8.10186,-0.31100
1987.00000,-3.12000,-50.80000,0.00000,8.09227,-0.31108
1987.00000,-3.13000,-50.95000,0.00000,8.21836,-0.30987
1987.00000,-3.13000,-50.94000,0.00000,8.20881,-0.30996
1987.00000,-3.13000,-50.93000,0.00000,8.19926,-0.31004
1987.00000,-3.13000,-50.92000,0.00000,8.18970,-0.31012
1987.00000,-3.13000,-50.91000,0.00000,8.18014,-0.31020
1987.00000,-3.13000,-50.90000,0.00000,8.17058,-0.31028
1987.00000,-3.13000,-50.89000,0.00000,8.16101,-0.31037
1987.00000,-3.13000,-50.88000,0.00000,8.15144,-0.31045
1987.00000,-3.13000,-50.87000,0.00000,8.14187,-0.31053
1987.00000,-3.13000,-50.86000,0.00000,8.13229,-0.31061
1987.00000,-3.13000,-50.85000,0.00000,8.12271,-0.31069
1987.00000,-3.13000,-50.84000,0.00000,8.11312,-0.31078
1987.00000,-3.13000,-50.83000,0.00000,8.10353,-0.31086
1987.00000,-3.13000,-50.82000,0.00000,8.09394,-0.31094
1987.00000,-3.13000,-50.81000,0.00000,8.08435,-0.31102
1987.00000,-3.13000,-50.80000,0.00000,8.07475,-0.31110
1987.00000,-3.14000,-50.95000,0.00000,8.20085,-0.30989
1987.00000,-3.14000,-50.94000,0.00000,8.19130,-0.30997
1987.00000,-3.14000,-50.93000,0.00000,8.18175,-0.31006
1987.00000,-3.14000,-50.92000,0.00000,8.17219,-0.31014
1987.00000,-3.14000,-50.91000,0.00000,8.16263,-0.31022
1987.00000,-3.14000,-50.90000,0.00000,8.15307,-0.31030
1987.00000,-3.14000,-50.89000,0.00000,8.14350,-0.31038
1987.00000,-3.14000,-50.88000,0.00000,8.13393,-0.31047
1987.00000,-3.14000,-50.87000,0.00000,8.12435,-0.31055
1987.00000,-3.14000,-50.86000,0.00000,8.11477,-0.31063
1987.00000,-3.14000,-50.85000,0.00000,8.10519,-0.31071
1987.00000,-3.14000,-50.84000,0.00000,8.09561,-0.31079
1987.00000,-3.14000,-50.83000,0.00000,8.08602,-0.31088
1987.00000,-3.14000,-50.82000,0.00000,8.07643,-0.31096
1987.00000,-3.14000,-50.81000,0.00000,8.06683,-0.31104
1987.00000,-3.14000,-50.80000,0.00000,8.05723,-0.31112
1987.00000,-3.15000,-50.95000,0.00000,8.18334,-0.30991
1987.00000,-3.15000,-50.94000,0.00000,8.17379,-0.30999
1987.00000,-3.15000,-50.93000,0.00000,8.16423,-0.31007
1987.00000,-3.15000,-50.92000,0.00000,8.15468,-0.31016
1987.00000,-3.15000,-50.91000,0.00000,8.14512,-0.31024
1987.00000,-3.15000,-50.90000,0.00000,8.13555,-0.31032
1987.00000,-3.15000,-50.89000,0.00000,8.12598,-0.31040
1987.00000,-3.15000,-50.88000,0.00000,8.11641,-0.31048
1987.00000,-3.15000,-50.87000,0.00000,8.10684,-0.31057
1987.00000,-3.15000,-50.86000,0.00000,8.09726,-0.31065
1987.00000,-3.15000,-50.85000,0.00000,8.08768,-0.31073
1987.00000,-3.15000,-50.84000,0.00000,8.07809,-0.31081
1987.00000,-3.15000,-50.83000,0.00000,8.06850,-0.31089
1987.00000,-3.15000,-50.82000,0.00000,8.05891,-0.31097
1987.00000,-3.15000,-50.81000,0.00000,8.04931,-0.31106
1987.00000,-3.15000,-50.80000,0.00000,8.03972,-0.31114
1987.00000,-3.16000,-50.95000,0.00000,8.16583,-0.30993
1987.00000,-3.16000,-50.94000,0.00000,8.15628,-0.31001
1987.00000,-3.16000,-50.93000,0.00000,8.14672,-0.31009
1987.00000,-3.16000,-50.92000,0.00000,8.13716,-0.31017
1987.00000,-3.16000,-50.91000,0.00000,8.12760,-0.31026
1987.00000,-3.16000,-50.90000,0.00000,8.11804,-0.31034
1987.00000,-3.16000,-50.89000,0.00000,8.10847,-0.31042
1987.00000,-3.16000,-50.88000,0.00000,8.09890,-0.31050
1987.00000,-3.16000,-50.87000,0.00000,8.08932,-0.31058
1987.00000,-3.16000,-50.86000,0.00000,8.07974,-0.31067
1987.00000,-3.16000,-50.85000,0.00000,8.07016,-0.31075
1987.00000,-3.16000,-50.84000,0.00000,8.06057,-0.31083
1987.00000,-3.16000,-50.83000,0.00000,8.05099,-0.31091
1987.00000,-3.16000,-50.82000,0.00000,8.04139,-0.31099
1987.00000,-3.16000,-50.81000,0.00000,8.03180,-0.31107
1987.00000,-3.16000,-50.80000,0.00000,8.02220,-0.31116
1987.00000,-3.17000,-50.95000,0.00000,8.14831,-0.30995
1987.00000,-3.17000,-50.94000,0.00000,8.13876,-0.31003
1987.00000,-3.17000,-50.93000,0.00000,8.12921,-0.31011
1987.00000,-3.17000,-50.92000,0.00000,8.11965,-0.31019
1987.00000,-3.17000,-50.91000,0.00000,8.11009,-0.31027
1987.00000,-3.17000,-50.90000,0.00000,8.10052,-0.31036
1987.00000,-3.17000,-50.89000,0.00000,8.09095,-0.31044
1987.00000,-3.17000,-50.88000,0.00000,8.08138,-0.31052
1987.00000,-3.17000,-50.87000,0.00000,8.07180,-0.31060
1987.00000,-3.17000,-50.86000,0.00000,8.06223,-0.31068
1987.00000,-3.17000,-50.85000,0.00000,8.05264,-0.31077
1987.00000,-3.17000,-50.84000,0.00000,8.04306,-0.31085
1987.00000,-3.17000,-50.83000,0.00000,8.03347,-0.31093
1987.00000,-3.17000,-50.82000,0.00000,8.02387,-0.31101
1987.00000,-3.17000,-50.81000,0.00000,8.01428,-0.31109
1987.00000,-3.17000,-50.80000,0.00000,8.00468,-0.31117
1987.00000,-3.18000,-50.95000,0.00000,8.13080,-0.30996
1987.00000,-3.18000,-50.94000,0.00000,8.12125,-0.31005
1987.00000,-3.18000,-50.93000,0.00000,8.11169,-0.31013
1987.00000,-3.18000,-50.92000,0.00000,8.10213,-0.31021
1987.00000,-3.18000,-50.91000,0.00000,8.09257,-0.31029
1987.00000,-3.18000,-50.90000,0.00000,8.08301,-0.31037
1987.00000,-3.18000,-50.89000,0.00000,8.07344,-0.31046
1987.00000,-3.18000,-50.88000,0.00000,8.06386,-0.31054
1987.00000,-3.18000,-50.87000,0.00000,8.05429,-0.31062
1987.00000,-3.18000,-50.86000,0.00000,8.04471,-0.31070
1987.00000,-3.18000,-50.85000,0.00000,8.03512,-0.31078
1987.00000,-3.18000,-50.84000,0.00000,8.02554,-0.31087
1987.00000,-3.18000,-50.83000,0.00000,8.01595,-0.31095
1987.00000,-3.18000,-50.82000,0.00000,8.00635,-0.31103
1987.00000,-3.18000,-50.81000,0.00000,7.99676,-0.31111
1987.00000,-3.18000,-50.80000,0.00000,7.98716,-0.31119
1987.00000,-3.19000,-50.95000,0.00000,8.11329,-0.30998
1987.00000,-3.19000,-50.94000,0.00000,8.10373,-0.31006
1987.00000,-3.19000,-50.93000,0.00000,8.09418,-0.31015
1987.00000,-3.19000,-50.92000,0.00000,8.08462,-0.31023
1987.00000,-3.19000,-50.91000,0.00000,8.07505,-0.31031
1987.00000,-3.19000,-50.90000,0.00000,8.06549,-0.31039
1987.00000,-3.19000,-50.89000,0.00000,8.05592,-0.31047
1987.00000,-3.19000,-50.88000,0.00000,8.04635,-0.31056
1987.00000,-3.19000,-50.87000,0.00000,8.03677,-0.31064
1987.00000,-3.19000,-50.86000,0.00000,8.02719,-0.31072
1987.00000,-3.19000,-50.85000,0.00000,8.01760,-0.31080
1987.00000,-3.19000,-50.84000,0.00000,8.00802,-0.31088
1987.00000,-3.19000,-50.83000,0.00000,7.99843,-0.31096
1987.00000,-3.19000,-50.82000,0.00000,7.98883,-0.31105
1987.00000,-3.19000,-50.81000,0.00000,7.97924,-0.31113
1987.00000,-3.19000,-50.80000,0.00000,7.96963,-0.31121
1987.00000,-3.20000,-50.95000,0.00000,8.09577,-0.31000
1987.00000,-3.20000,-50.94000,0.00000,8.08622,-0.31008
1987.00000,-3.20000,-50.93000,0.00000,8.07666,-0.31016
1987.00000,-3.20000,-50.92000,0.00000,8.06710,-0.31025
1987.00000,-3.20000,-50.91000,0.00000,8.05754,-0.31033
1987.00000,-3.20000,-50.90000,0.00000,8.04797,-0.31041
1987.00000,-3.20000,-50.89000,0.00000,8.03840,-0.31049
1987.00000,-3.20000,-50.88000,0.00000,8.02883,-0.31057
1987.00000,-3.20000,-50.87000,0.00000,8.01925,-0.31066
1987.00000,-3.20000,-50.86000,0.00000,8.00967,-0.31074
1987.00000,-3.20000,-50.85000,0.00000,8.00008,-0.31082
1987.00000,-3.20000,-50.84000,0.00000,7.99050,-0.31090
1987.00000,-3.20000,-50.83000,0.00000,7.98091,-0.31098
1987.00000,-3.20000,-50.82000,0.00000,7.97131,-0.31106
1987.00000,-3.20000,-50.81000,0.00000,7.96171,-0.31115
1987.00000,-3.20000,-50.80000,0.00000,7.95211,-0.31123
1987.10000,-3.10000,-50.95000,0.00000,8.24002,-0.30982
1987.10000,-3.10000,-50.94000,0.00000,8.23047,-0.30990
1987.10000,-3.10000,-50.93000,0.00000,8.22091,-0.30998
1987.10000,-3.10000,-50.92000,0.00000,8.21134,-0.31007
1987.10000,-3.10000,-50.91000,0.00000,8.20178,-0.31015
1987.10000,-3.10000,-50.90000,0.00000,8.19221,-0.31023
1987.10000,-3.10000,-50.89000,0.00000,8.18263,-0.31031
1987.10000,-3.10000,-50.88000,0.00000,8.17305,-0.31039
1987.10000,-3.10000,-50.87000,0.00000,8.16347,-0.31048
1987.10000,-3.10000,-50.86000,0.00000,8.15389,-0.31056
1987.10000,-3.10000,-50.85000,0.00000,8.14430,-0.31064
1987.10000,-3.10000,-50.84000,0.00000,8.13471,-0.31072
1987.10000,-3.10000,-50.83000,0.00000,8.12512,-0.31080
1987.10000,-3.10000,-50.82000,0.00000,8.11552,-0.31088
1987.10000,-3.10000,-50.81000,0.00000,8.10592,-0.31097
1987.10000,-3.10000,-50.80000,0.00000,8.09631,-0.31105
1987.10000,-3.11000,-50.95000,0.00000,8.22252,-0.30984
1987.10000,-3.11000,-50.94000,0.00000,8.21296,-0.30992
1987.10000,-3.11000,-50.93000,0.00000,8.20340,-0.31000
1987.10000,-3.11000,-50.92000,0.00000,8.19383,-0.31008
1987.10000,-3.11000,-50.91000,0.00000,8.18427,-0.31017
1987.10000,-3.11000,-50.90000,0.00000,8.17469,-0.31025
1987.10000,-3.11000,-50.89000,0.00000,8.16512,-0.31033
1987.10000,-3.11000,-50.88000,0.00000,8.15554,-0.31041
1987.10000,-3.11000,-50.87000,0.00000,8.14596,-0.31049
1987.10000,-3.11000,-50.86000,0.00000,8.13638,-0.31058
1987.10000,-3.11000,-50.85000,0.00000,8.12679,-0.31066
1987.10000,-3.11000,-50.84000,0.00000,8.11720,-0.31074
1987.10000,-3.11000,-50.83000,0.00000,8.10760,-0.31082
1987.10000,-3.11000,-50.82000,0.00000,8.09800,-0.31090
1987.10000,-3.11000,-50.81000,0.00000,8.08840,-0.31098
1987.10000,-3.11000,-50.80000,0.00000,8.07879,-0.31107
1987.10000,-3.12000,-50.95000,0.00000,8.20500,-0.30986
1987.10000,-3.12000,-50.94000,0.00000,8.19545,-0.30994
1987.10000,-3.12000,-50.93000,0.00000,8.18589,-0.31002
1987.10000,-3.12000,-50.92000,0.00000,8.17632,-0.31010
1987.10000,-3.12000,-50.91000,0.00000,8.16675,-0.31018
1987.10000,-3.12000,-50.90000,0.00000,8.15718,-0.31027
1987.10000,-3.12000,-50.89000,0.00000,8.14761,-0.31035
1987.10000,-3.12000,-50.88000,0.00000,8.13803,-0.31043
1987.10000,-3.12000,-50.87000,0.00000,8.12845,-0.31051
1987.10000,-3.12000,-50.86000,0.00000,8.11886,-0.31059
1987.10000,-3.12000,-50.85000,0.00000,8.10927,-0.31068
1987.10000,-3.12000,-50.84000,0.00000,8.09968,-0.31076
1987.10000,-3.12000,-50.83000,0.00000,8.09009,-0.31084
1987.10000,-3.12000,-50.82000,0.00000,8.08049,-0.31092
1987.10000,-3.12000,-50.81000,0.00000,8.07088,-0.31100
1987.10000,-3.12000,-50.80000,0.00000,8.06128,-0.31108
1987.10000,-3.13000,-50.95000,0.00000,8.18749,-0.30987
1987.10000,-3.13000,-50.94000,0.00000,8.17794,-0.30996
1987.10000,-3.13000,-50.93000,0.00000,8.16837,-0.31004
1987.10000,-3.13000,-50.92000,0.00000,8.15881,-0.31012
1987.10000,-3.13000,-50.91000,0.00000,8.14924,-0.31020
1987.10000,-3.13000,-50.90000,0.00000,8.13967,-0.31028
1987.10000,-3.13000,-50.89000,0.00000,8.13009,-0.31037
1987.10000,-3.13000,-50.88000,0.00000,8.12051,-0.31045
1987.10000,-3.13000,-50.87000,0.00000,8.11093,-0.31053
1987.10000,-3.13000,-50.86000,0.00000,8.10135,-0.31061
1987.10000,-3.13000,-50.85000,0.00000,8.09176,-0.31069
1987.10000,-3.13000,-50.84000,0.00000,8.08216,-0.31078
1987.10000,-3.13000,-50.83000,0.00000,8.07257,-0.31086
1987.10000,-3.13000,-50.82000,0.00000,8.06297,-0.31094
1987.10000,-3.13000,-50.81000,0.00000,8.05337,-0.31102
1987.10000,-3.13000,-50.80000,0.00000,8.04376,-0.31110
1987.10000,-3.14000,-50.95000,0.00000,8.16998,-0.30989
1987.10000,-3.14000,-50.94000,0.00000,8.16042,-0.30997
1987.10000,-3.14000,-50.93000,0.00000,8.15086,-0.31006
1987.10000,-3.14000,-50.92000,0.00000,8.14130,-0.31014
1987.10000,-3.14000,-50.91000,0.00000,8.13173,-0.31022
1987.10000,-3.14000,-50.90000,0.00000,8.12215,-0.31030
1987.10000,-3.14000,-50.89000,0.00000,8.11258,-0.31038
1987.10000,-3.14000,-50.88000,0.00000,8.10300,-0.31047
1987.10000,-3.14000,-50.87000,0.00000,8.09342,-0.31055
1987.10000,-3.14000,-50.86000,0.00000,8.08383,-0.31063
1987.10000,-3.14000,-50.85000,0.00000,8.07424,-0.31071
1987.10000,-3.14000,-50.84000,0.00000,8.06465,-0.31079
1987.10000,-3.14000,-50.83000,0.00000,8.05505,-0.31088
1987.10000,-3.14000,-50.82000,0.00000,8.04545,-0.31096
1987.10000,-3.14000,-50.81000,0.00000,8.03585,-0.31104
1987.10000,-3.14000,-50.80000,0.00000,8.02624,-0.31112
1987.10000,-3.15000,-50.95000,0.00000,8.15247,-0.30991
1987.10000,-3.15000,-50.94000,0.00000,8.14291,-0.30999
1987.10000,-3.15000,-50.93000,0.00000,8.13335,-0.31007
1987.10000,-3.15000,-50.92000,0.00000,8.12378,-0.31016
1987.10000,-3.15000,-50.91000,0.00000,8.11421,-0.31024
1987.10000,-3.15000,-50.90000,0.00000,8.10464,-0.31032
1987.10000,-3.15000,-50.89000,0.00000,8.09506,-0.31040
1987.10000,-3.15000,-50.88000,0.00000,8.08548,-0.31048
1987.10000,-3.15000,-50.87000,0.00000,8.07590,-0.31057
1987.10000,-3.15000,-50.86000,0.00000,8.06631,-0.31065
1987.10000,-3.15000,-50.85000,0.00000,8.05672,-0.31073
1987.10000,-3.15000,-50.84000,0.00000,8.04713,-0.31081
1987.10000,-3.15000,-50.83000,0.00000,8.03753,-0.31089
1987.10000,-3.15000,-50.82000,0.00000,8.02793,-0.31097
1987.10000,-3.15000,-50.81000,0.00000,8.01833,-0.31106
1987.10000,-3.15000,-50.80000,0.00000,8.00872,-0.31114
1987.10000,-3.16000,-50.95000,0.00000,8.13495,-0.30993
1987.10000,-3.16000,-50.94000,0.00000,8.12539,-0.31001
1987.10000,-3.16000,-50.93000,0.00000,8.11583,-0.31009
1987.10000,-3.16000,-50.92000,0.00000,8.10627,-0.31017
1987.10000,-3.16000,-50.91000,0.00000,8.09670,-0.31026
1987.10000,-3.16000,-50.90000,0.00000,8.08712,-0.31034
1987.10000,-3.16000,-50.89000,0.00000,8.07755,-0.31042
1987.10000,-3.16000,-50.88000,0.00000,8.06797,-0.31050
1987.10000,-3.16000,-50.87000,0.00000,8.05838,-0.31058
1987.10000,-3.16000,-50.86000,0.00000,8.04879,-0.31067
1987.10000,-3.16000,-50.85000,0.00000,8.03920,-0.31075
1987.10000,-3.16000,-50.84000,0.00000,8.02961,-0.31083
1987.10000,-3.16000,-50.83000,0.00000,8.02001,-0.31091
1987.10000,-3.16000,-50.82000,0.00000,8.01041,-0.31099
1987.10000,-3.16000,-50.81000,0.00000,8.00081,-0.31107
1987.10000,-3.16000,-50.80000,0.00000,7.99120,-0.31116
1987.10000,-3.17000,-50.95000,0.00000,8.11744,-0.30995
1987.10000,-3.17000,-50.94000,0.00000,8.10788,-0.31003
1987.10000,-3.17000,-50.93000,0.00000,8.09832,-0.31011
1987.10000,-3.17000,-50.92000,0.00000,8.08875,-0.31019
1987.10000,-3.17000,-50.91000,0.00000,8.07918,-0.31027
1987.10000,-3.17000,-50.90000,0.00000,8.06961,-0.31036
1987.10000,-3.17000,-50.89000,0.00000,8.06003,-0.31044
1987.10000,-3.17000,-50.88000,0.00000,8.05045,-0.31052
1987.10000,-3.17000,-50.87000,0.00000,8.04086,-0.31060
1987.10000,-3.17000,-50.86000,0.00000,8.03128,-0.31068
1987.10000,-3.17000,-50.85000,0.00000,8.02168,-0.31077
1987.10000,-3.17000,-50.84000,0.00000,8.01209,-0.31085
1987.10000,-3.17000,-50.83000,0.00000,8.00249,-0.31093
1987.10000,-3.17000,-50.82000,0.00000,7.99289,-0.31101
1987.10000,-3.17000,-50.81000,0.00000,7.98329,-0.31109
1987.10000,-3.17000,-50.80000,0.00000,7.97368,-0.31117
1987.10000,-3.18000,-50.95000,0.00000,8.09992,-0.30996
1987.10000,-3.18000,-50.94000,0.00000,8.09036,-0.31005
1987.10000,-3.18000,-50.93000,0.00000,8.08080,-0.31013
1987.10000,-3.18000,-50.92000,0.00000,8.07123,-0.31021
1987.10000,-3.18000,-50.91000,0.00000,8.06166,-0.31029
1987.10000,-3.18000,-50.90000,0.00000,8.05209,-0.31037
1987.10000,-3.18000,-50.89000,0.00000,8.04251,-0.31046
1987.10000,-3.18000,-50.88000,0.00000,8.03293,-0.31054
1987.10000,-3.18000,-50.87000,0.00000,8.02334,-0.31062
1987.10000,-3.18000,-50.86000,0.00000,8.01376,-0.31070
1987.10000,-3.18000,-50.85000,0.00000,8.00416,-0.31078
1987.10000,-3.18000,-50.84000,0.00000,7.99457,-0.31087
1987.10000,-3.18000,-50.83000,0.00000,7.98497,-0.31095
1987.10000,-3.18000,-50.82000,0.00000,7.97537,-0.31103
1987.10000,-3.18000,-50.81000,0.00000,7.96576,-0.31111
1987.10000,-3.18000,-50.80000,0.00000,7.95616,-0.31119
1987.10000,-3.19000,-50.95000,0.00000,8.08241,-0.30998
1987.10000,-3.19000,-50.94000,0.00000,8.07285,-0.31006
1987.10000,-3.19000,-50.93000,0.00000,8.06328,-0.31015
1987.10000,-3.19000,-50.92000,0.00000,8.05371,-0.31023
1987.10000,-3.19000,-50.91000,0.00000,8.04414,-0.31031
1987.10000,-3.19000,-50.90000,0.00000,8.03457,-0.31039
1987.10000,-3.19000,-50.89000,0.00000,8.02499,-0.31047
1987.10000,-3.19000,-50.88000,0.00000,8.01541,-0.31056
1987.10000,-3.19000,-50.87000,0.00000,8.00582,-0.31064
1987.10000,-3.19000,-50.86000,0.00000,7.99624,-0.31072
1987.10000,-3.19000,-50.85000,0.00000,7.98664,-0.31080
1987.10000,-3.19000,-50.84000,0.00000,7.97705,-0.31088
1987.10000,-3.19000,-50.83000,0.00000,7.96745,-0.31096
1987.10000,-3.19000,-50.82000,0.00000,7.95785,-0.31105
1987.10000,-3.19000,-50.81000,0.00000,7.94824,-0.31113
1987.10000,-3.19000,-50.80000,0.00000,7.93863,-0.31121
1987.10000,-3.20000,-50.95000,0.00000,8.06489,-0.31000
1987.10000,-3.20000,-50.94000,0.00000,8.05533,-0.31008
1987.10000,-3.20000,-50.93000,0.00000,8.04576,-0.31016
1987.10000,-3.20000,-50.92000,0.00000,8.03619,-0.31025
1987.10000,-3.20000,-50.91000,0.00000,8.02662,-0.31033
1987.10000,-3.20000,-50.90000,0.00000,8.01705,-0.31041
1987.10000,-3.20000,-50.89000,0.00000,8.00747,-0.31049
1987.10000,-3.20000,-50.88000,0.00000,7.99789,-0.31057
1987.10000,-3.20000,-50.87000,0.00000,7.98830,-0.31066
1987.10000,-3.20000,-50.86000,0.00000,7.97871,-0.31074
1987.10000,-3.20000,-50.85000,0.00000,7.96912,-0.31082
1987.10000,-3.20000,-50.84000,0.00000,7.95953,-0.31090
1987.10000,-3.20000,-50.83000,0.00000,7.94993,-0.31098
1987.10000,-3.20000,-50.82000,0.00000,7.94032,-0.31106
1987.10000,-3.20000,-50.81000,0.00000,7.93072,-0.31115
1987.10000,-3.20000,-50.80000,0.00000,7.92111,-0.31123
1987.20000,-3.10000,-50.95000,0.00000,8.20915,-0.30982
1987.20000,-3.10000,-50.94000,0.00000,8.19958,-0.30990
1987.20000,-3.10000,-50.93000,0.00000,8.19001,-0.30998
1987.20000,-3.10000,-50.92000,0.00000,8.18044,-0.31007
1987.20000,-3.10000,-50.91000,0.00000,8.17087,-0.31015
1987.20000,-3.10000,-50.90000,0.00000,8.16129,-0.31023
1987.20000,-3.10000,-50.89000,0.00000,8.15171,-0.31031
1987.20000,-3.10000,-50.88000,0.00000,8.14212,-0.31039
1987.20000,-3.10000,-50.87000,0.00000,8.13253,-0.31048
1987.20000,-3.10000,-50.86000,0.00000,8.12294,-0.31056
1987.20000,-3.10000,-50.85000,0.00000,8.11334,-0.31064
1987.20000,-3.10000,-50.84000,0.00000,8.10374,-0.31072
1987.20000,-3.10000,-50.83000,0.00000,8.09414,-0.31080
1987.20000,-3.10000,-50.82000,0.00000,8.08453,-0.31088
1987.20000,-3.10000,-50.81000,0.00000,8.07492,-0.31097
1987.20000,-3.10000,-50.80000,0.00000,8.06531,-0.31105
1987.20000,-3.11000,-50.95000,0.00000,8.19164,-0.30984
1987.20000,-3.11000,-50.94000,0.00000,8.18207,-0.30992
1987.20000,-3.11000,-50.93000,0.00000,8.17250,-0.31000
1987.20000,-3.11000,-50.92000,0.00000,8.16293,-0.31008
1987.20000,-3.11000,-50.91000,0.00000,8.15335,-0.31017
1987.20000,-3.11000,-50.90000,0.00000,8.14377,-0.31025
1987.20000,-3.11000,-50.89000,0.00000,8.13419,-0.31033
1987.20000,-3.11000,-50.88000,0.00000,8.12461,-0.31041
1987.20000,-3.11000,-50.87000,0.00000,8.11502,-0.31049
1987.20000,-3.11000,-50.86000,0.00000,8.10542,-0.31058
1987.20000,-3.11000,-50.85000,0.00000,8.09583,-0.31066
1987.20000,-3.11000,-50.84000,0.00000,8.08623,-0.31074
1987.20000,-3.11000,-50.83000,0.00000,8.07662,-0.31082
1987.20000,-3.11000,-50.82000,0.00000,8.06702,-0.31090
1987.20000,-3.11000,-50.81000,0.00000,8.05741,-0.31098
1987.20000,-3.11000,-50.80000,0.00000,8.04779,-0.31107
1987.20000,-3.12000,-50.95000,0.00000,8.17412,-0.30986
1987.20000,-3.12000,-50.94000,0.00000,8.16456,-0.30994
1987.20000,-3.12000,-50.93000,0.00000,8.15499,-0.31002
1987.20000,-3.12000,-50.92000,0.00000,8.14542,-0.31010
1987.20000,-3.12000,-50.91000,0.00000,8.13584,-0.31018
1987.20000,-3.12000,-50.90000,0.00000,8.12626,-0.31027
1987.20000,-3.12000,-50.89000,0.00000,8.11668,-0.31035
1987.20000,-3.12000,-50.88000,0.00000,8.10709,-0.31043
1987.20000,-3.12000,-50.87000,0.00000,8.09750,-0.31051
1987.20000,-3.12000,-50.86000,0.00000,8.08791,-0.31059
1987.20000,-3.12000,-50.85000,0.00000,8.07831,-0.31068
1987.20000,-3.12000,-50.84000,0.00000,8.06871,-0.31076
1987.20000,-3.12000,-50.83000,0.00000,8.05911,-0.31084
1987.20000,-3.12000,-50.82000,0.00000,8.04950,-0.31092
1987.20000,-3.12000,-50.81000,0.00000,8.03989,-0.31100
1987.20000,-3.12000,-50.80000,0.00000,8.03027,-0.31108
1987.20000,-3.13000,-50.95000,0.00000,8.15661,-0.30987
1987.20000,-3.13000,-50.94000,0.00000,8.14704,-0.30996
1987.20000,-3.13000,-50.93000,0.00000,8.13748,-0.31004
1987.20000,-3.13000,-50.92000,0.00000,8.12790,-0.31012
1987.20000,-3.13000,-50.91000,0.00000,8.11833,-0.31020
1987.20000,-3.13000,-50.90000,0.00000,8.10875,-0.31028
1987.20000,-3.13000,-50.89000,0.00000,8.09916,-0.31037
1987.20000,-3.13000,-50.88000,0.00000,8.08957,-0.31045
1987.20000,-3.13000,-50.87000,0.00000,8.07998,-0.31053
1987.20000,-3.13000,-50.86000,0.00000,8.07039,-0.31061
1987.20000,-3.13000,-50.85000,0.00000,8.06079,-0.31069
1987.20000,-3.13000,-50.84000,0.00000,8.05119,-0.31078
1987.20000,-3.13000,-50.83000,0.00000,8.04159,-0.31086
1987.20000,-3.13000,-50.82000,0.00000,8.03198,-0.31094
1987.20000,-3.13000,-50.81000,0.00000,8.02237,-0.31102
1987.20000,-3.13000,-50.80000,0.00000,8.01275,-0.31110
1987.20000,-3.14000,-50.95000,0.00000,8.13910,-0.30989
1987.20000,-3.14000,-50.94000,0.00000,8.12953,-0.30997
1987.20000,-3.14000,-50.93000,0.00000,8.11996,-0.31006
1987.20000,-3.14000,-50.92000,0.00000,8.11039,-0.31014
1987.20000,-3.14000,-50.91000,0.00000,8.10081,-0.31022
1987.20000,-3.14000,-50.90000,0.00000,8.09123,-0.31030
1987.20000,-3.14000,-50.89000,0.00000,8.08164,-0.31038
1987.20000,-3.14000,-50.88000,0.00000,8.07206,-0.31047
1987.20000,-3.14000,-50.87000,0.00000,8.06247,-0.31055
1987.20000,-3.14000,-50.86000,0.00000,8.05287,-0.31063
1987.20000,-3.14000,-50.85000,0.00000,8.04327,-0.31071
1987.20000,-3.14000,-50.84000,0.00000,8.03367,-0.31079
1987.20000,-3.14000,-50.83000,0.00000,8.02407,-0.31088
1987.20000,-3.14000,-50.82000,0.00000,8.01446,-0.31096
1987.20000,-3.14000,-50.81000,0.00000,8.00485,-0.31104
1987.20000,-3.14000,-50.80000,0.00000,7.99523,-0.31112
1987.20000,-3.15000,-50.95000,0.00000,8.12158,-0.30991
1987.20000,-3.15000,-50.94000,0.00000,8.11202,-0.30999
1987.20000,-3.15000,-50.93000,0.00000,8.10244,-0.31007
1987.20000,-3.15000,-50.92000,0.00000,8.09287,-0.31016
1987.20000,-3.15000,-50.91000,0.00000,8.08329,-0.31024
1987.20000,-3.15000,-50.90000,0.00000,8.07371,-0.31032
1987.20000,-3.15000,-50.89000,0.00000,8.06413,-0.31040
1987.20000,-3.15000,-50.88000,0.00000,8.05454,-0.31048
1987.20000,-3.15000,-50.87000,0.00000,8.04495,-0.31057
1987.20000,-3.15000,-50.86000,0.00000,8.03535,-0.31065
1987.20000,-3.15000,-50.85000,0.00000,8.02575,-0.31073
1987.20000,-3.15000,-50.84000,0.00000,8.01615,-0.31081
1987.20000,-3.15000,-50.83000,0.00000,8.00655,-0.31089
1987.20000,-3.15000,-50.82000,0.00000,7.99694,-0.31097
1987.20000,-3.15000,-50.81000,0.00000,7.98733,-0.31106
1987.20000,-3.15000,-50.80000,0.00000,7.97771,-0.31114
1987.20000,-3.16000,-50.95000,0.00000,8.10407,-0.30993
1987.20000,-3.16000,-50.94000,0.00000,8.09450,-0.31001
1987.20000,-3.16000,-50.93000,0.00000,8.08493,-0.31009
1987.20000,-3.16000,-50.92000,0.00000,8.07535,-0.31017
1987.20000,-3.16000,-50.91000,0.00000,8.06577,-0.31026
1987.20000,-3.16000,-50.90000,0.00000,8.05619,-0.31034
1987.20000,-3.16000,-50.89000,0.00000,8.04661,-0.31042
1987.20000,-3.16000,-50.88000,0.00000,8.03702,-0.31050
1987.20000,-3.16000,-50.87000,0.00000,8.02743,-0.31058
1987.20000,-3.16000,-50.86000,0.00000,8.01783,-0.31067
1987.20000,-3.16000,-50.85000,0.00000,8.00823,-0.31075
1987.20000,-3.16000,-50.84000,0.00000,7.99863,-0.31083
1987.20000,-3.16000,-50.83000,0.00000,7.98903,-0.31091
1987.20000,-3.16000,-50.82000,0.00000,7.97942,-0.31099
1987.20000,-3.16000,-50.81000,0.00000,7.96981,-0.31107
1987.20000,-3.16000,-50.80000,0.00000,7.96019,-0.31116
1987.20000,-3.17000,-50.95000,0.00000,8.08655,-0.30995
1987.20000,-3.17000,-50.94000,0.00000,8.07698,-0.31003
1987.20000,-3.17000,-50.93000,0.00000,8.06741,-0.31011
1987.20000,-3.17000,-50.92000,0.00000,8.05783,-0.31019
1987.20000,-3.17000,-50.91000,0.00000,8.04826,-0.31027
1987.20000,-3.17000,-50.90000,0.00000,8.03867,-0.31036
1987.20000,-3.17000,-50.89000,0.00000,8.02909,-0.31044
1987.20000,-3.17000,-50.88000,0.00000,8.01950,-0.31052
1987.20000,-3.17000,-50.87000,0.00000,8.00991,-0.31060
1987.20000,-3.17000,-50.86000,0.00000,8.00031,-0.31068
1987.20000,-3.17000,-50.85000,0.00000,7.99071,-0.31077
1987.20000,-3.17000,-50.84000,0.00000,7.98111,-0.31085
1987.20000,-3.17000,-50.83000,0.00000,7.97150,-0.31093
1987.20000,-3.17000,-50.82000,0.00000,7.96190,-0.31101
1987.20000,-3.17000,-50.81000,0.00000,7.95228,-0.31109
1987.20000,-3.17000,-50.80000,0.00000,7.94267,-0.31117
1987.20000,-3.18000,-50.95000,0.00000,8.06903,-0.30996
1987.20000,-3.18000,-50.94000,0.00000,8.05946,-0.31005
1987.20000,-3.18000,-50.93000,0.00000,8.04989,-0.31013
1987.20000,-3.18000,-50.92000,0.00000,8.04032,-0.31021
1987.20000,-3.18000,-50.91000,0.00000,8.03074,-0.31029
1987.20000,-3.18000,-50.90000,0.00000,8.02115,-0.31037
1987.20000,-3.18000,-50.89000,0.00000,8.01157,-0.31046
1987.20000,-3.18000,-50.88000,0.00000,8.00198,-0.31054
1987.20000,-3.18000,-50.87000,0.00000,7.99239,-0.31062
1987.20000,-3.18000,-50.86000,0.00000,7.98279,-0.31070
1987.20000,-3.18000,-50.85000,0.00000,7.97319,-0.31078
1987.20000,-3.18000,-50.84000,0.00000,7.96359,-0.31087
1987.20000,-3.18000,-50.83000,0.00000,7.95398,-0.31095
1987.20000,-3.18000,-50.82000,0.00000,7.94437,-0.31103
1987.20000,-3.18000,-50.81000,0.00000,7.93476,-0.31111
1987.20000,-3.18000,-50.80000,0.00000,7.92514,-0.31119
1987.20000,-3.19000,-50.95000,0.00000,8.05151,-0.30998
1987.20000,-3.19000,-50.94000,0.00000,8.04194,-0.31006
1987.20000,-3.19000,-50.93000,0.00000,8.03237,-0.31015
1987.20000,-3.19000,-50.92000,0.00000,8.02280,-0.31023
1987.20000,-3.19000,-50.91000,0.00000,8.01322,-0.31031
1987.20000,-3.19000,-50.90000,0.00000,8.00363,-0.31039
1987.20000,-3.19000,-50.89000,0.00000,7.99405,-0.31047
1987.20000,-3.19000,-50.88000,0.00000,7.98446,-0.31056
1987.20000,-3.19000,-50.87000,0.00000,7.97486,-0.31064
1987.20000,-3.19000,-50.86000,0.00000,7.96527,-0.31072
1987.20000,-3.19000,-50.85000,0.00000,7.95567,-0.31080
1987.20000,-3.19000,-50.84000,0.00000,7.94606,-0.31088
1987.20000,-3.19000,-50.83000,0.00000,7.93646,-0.31096
1987.20000,-3.19000,-50.82000,0.00000,7.92685,-0.31105
1987.20000,-3.19000,-50.81000,0.00000,7.91723,-0.31113
1987.20000,-3.19000,-50.80000,0.00000,7.90762,-0.31121
1987.20000,-3.20000,-50.95000,0.00000,8.03399,-0.31000
1987.20000,-3.20000,-50.94000,0.00000,8.02442,-0.31008
1987.20000,-3.20000,-50.93000,0.00000,8.01485,-0.31016
1987.20000,-3.20000,-50.92000,0.00000,8.00528,-0.31025
1987.20000,-3.20000,-50.91000,0.00000,7.99570,-0.31033
1987.20000,-3.20000,-50.90000,0.00000,7.98611,-0.31041
1987.20000,-3.20000,-50.89000,0.00000,7.97653,-0.31049
1987.20000,-3.20000,-50.88000,0.00000,7.96694,-0.31057
1987.20000,-3.20000,-50.87000,0.00000,7.95734,-0.31066
1987.20000,-3.20000,-50.86000,0.00000,7.94774,-0.31074
1987.20000,-3.20000,-50.85000,0.00000,7.93814,-0.31082
1987.20000,-3.20000,-50.84000,0.00000,7.92854,-0.31090
1987.20000,-3.20000,-50.83000,0.00000,7.91893,-0.31098
1987.20000,-3.20000,-50.82000,0.00000,7.90932,-0.31106
1987.20000,-3.20000,-50.81000,0.00000,7.89971,-0.31115
1987.20000,-3.20000,-50.80000,0.00000,7.89009,-0.31123
1987.30000,-3.10000,-50.95000,0.00000,8.17826,-0.30982
1987.30000,-3.10000,-50.94000,0.00000,8.16868,-0.30990
1987.30000,-3.10000,-50.93000,0.00000,8.15911,-0.30998
1987.30000,-3.10000,-50.92000,0.00000,8.14953,-0.31007
1987.30000,-3.10000,-50.91000,0.00000,8.13994,-0.31015
1987.30000,-3.10000,-50.90000,0.00000,8.13036,-0.31023
1987.30000,-3.10000,-50.89000,0.00000,8.12077,-0.31031
1987.30000,-3.10000,-50.88000,0.00000,8.11117,-0.31039
1987.30000,-3.10000,-50.87000,0.00000,8.10157,-0.31048
1987.30000,-3.10000,-50.86000,0.00000,8.09197,-0.31056
1987.30000,-3.10000,-50.85000,0.00000,8.08237,-0.31064
1987.30000,-3.10000,-50.84000,0.00000,8.07276,-0.31072
1987.30000,-3.10000,-50.83000,0.00000,8.06315,-0.31080
1987.30000,-3.10000,-50.82000,0.00000,8.05354,-0.31088
1987.30000,-3.10000,-50.81000,0.00000,8.04392,-0.31097
1987.30000,-3.10000,-50.80000,0.00000,8.03430,-0.31105
1987.30000,-3.11000,-50.95000,0.00000,8.16074,-0.30984
1987.30000,-3.11000,-50.94000,0.00000,8.15117,-0.30992
1987.30000,-3.11000,-50.93000,0.00000,8.14159,-0.31000
1987.30000,-3.11000,-50.92000,0.00000,8.13201,-0.31008
1987.30000,-3.11000,-50.91000,0.00000,8.12243,-0.31017
1987.30000,-3.11000,-50.90000,0.00000,8.11284,-0.31025
1987.30000,-3.11000,-50.89000,0.00000,8.10325,-0.31033
1987.30000,-3.11000,-50.88000,0.00000,8.09366,-0.31041
1987.30000,-3.11000,-50.87000,0.00000,8.08406,-0.31049
1987.30000,-3.11000,-50.86000,0.00000,8.07446,-0.31058
1987.30000,-3.11000,-50.85000,0.00000,8.06485,-0.31066
1987.30000,-3.11000,-50.84000,0.00000,8.05524,-0.31074
1987.30000,-3.11000,-50.83000,0.00000,8.04563,-0.31082
1987.30000,-3.11000,-50.82000,0.00000,8.03602,-0.31090
1987.30000,-3.11000,-50.81000,0.00000,8.02640,-0.31098
1987.30000,-3.11000,-50.80000,0.00000,8.01678,-0.31107
1987.30000,-3.12000,-50.95000,0.00000,8.14323,-0.30986
1987.30000,-3.12000,-50.94000,0.00000,8.13366,-0.30994
1987.30000,-3.12000,-50.93000,0.00000,8.12408,-0.31002
1987.30000,-3.12000,-50.92000,0.00000,8.11450,-0.31010
1987.30000,-3.12000,-50.91000,0.00000,8.10491,-0.31018
1987.30000,-3.12000,-50.90000,0.00000,8.09532,-0.31027
1987.30000,-3.12000,-50.89000,0.00000,8.08573,-0.31035
1987.30000,-3.12000,-50.88000,0.00000,8.07614,-0.31043
1987.30000,-3.12000,-50.87000,0.00000,8.06654,-0.31051
1987.30000,-3.12000,-50.86000,0.00000,8.05694,-0.31059
1987.30000,-3.12000,-50.85000,0.00000,8.04733,-0.31068
1987.30000,-3.12000,-50.84000,0.00000,8.03773,-0.31076
1987.30000,-3.12000,-50.83000,0.00000,8.02811,-0.31084
1987.30000,-3.12000,-50.82000,0.00000,8.01850,-0.31092
1987.30000,-3.12000,-50.81000,0.00000,8.00888,-0.31100
1987.30000,-3.12000,-50.80000,0.00000,7.99926,-0.31108
1987.30000,-3.13000,-50.95000,0.00000,8.12571,-0.30987
1987.30000,-3.13000,-50.94000,0.00000,8.11614,-0.30996
1987.30000,-3.13000,-50.93000,0.00000,8.10656,-0.31004
1987.30000,-3.13000,-50.92000,0.00000,8.09698,-0.31012
1987.30000,-3.13000,-50.91000,0.00000,8.08740,-0.31020
1987.30000,-3.13000,-50.90000,0.00000,8.07781,-0.31028
1987.30000,-3.13000,-50.89000,0.00000,8.06822,-0.31037
1987.30000,-3.13000,-50.88000,0.00000,8.05862,-0.31045
1987.30000,-3.13000,-50.87000,0.00000,8.04902,-0.31053
1987.30000,-3.13000,-50.86000,0.00000,8.03942,-0.31061
1987.30000,-3.13000,-50.85000,0.00000,8.02981,-0.31069
1987.30000,-3.13000,-50.84000,0.00000,8.02021,-0.31078
1987.30000,-3.13000,-50.83000,0.00000,8.01059,-0.31086
1987.30000,-3.13000,-50.82000,0.00000,8.00098,-0.31094
1987.30000,-3.13000,-50.81000,0.00000,7.99136,-0.31102
1987.30000,-3.13000,-50.80000,0.00000,7.98174,-0.31110
1987.30000,-3.14000,-50.95000,0.00000,8.10820,-0.30989
1987.30000,-3.14000,-50.94000,0.00000,8.09862,-0.30997
1987.30000,-3.14000,-50.93000,0.00000,8.08905,-0.31006
1987.30000,-3.14000,-50.92000,0.00000,8.07946,-0.31014
1987.30000,-3.14000,-50.91000,0.00000,8.06988,-0.31022
1987.30000,-3.14000,-50.90000,0.00000,8.06029,-0.31030
1987.30000,-3.14000,-50.89000,0.00000,8.05070,-0.31038
1987.30000,-3.14000,-50.88000,0.00000,8.04110,-0.31047
1987.30000,-3.14000,-50.87000,0.00000,8.03150,-0.31055
1987.30000,-3.14000,-50.86000,0.00000,8.02190,-0.31063
1987.30000,-3.14000,-50.85000,0.00000,8.01229,-0.31071
1987.30000,-3.14000,-50.84000,0.00000,8.00268,-0.31079
1987.30000,-3.14000,-50.83000,0.00000,7.99307,-0.31088
1987.30000,-3.14000,-50.82000,0.00000,7.98346,-0.31096
1987.30000,-3.14000,-50.81000,0.00000,7.97384,-0.31104
1987.30000,-3.14000,-50.80000,0.00000,7.96421,-0.31112
1987.30000,-3.15000,-50.95000,0.00000,8.09068,-0.30991
1987.30000,-3.15000,-50.94000,0.00000,8.08111,-0.30999
1987.30000,-3.15000,-50.93000,0.00000,8.07153,-0.31007
1987.30000,-3.15000,-50.92000,0.00000,8.06195,-0.31016
1987.30000,-3.15000,-50.91000,0.00000,8.05236,-0.31024
1987.30000,-3.15000,-50.90000,0.00000,8.04277,-0.31032
1987.30000,-3.15000,-50.89000,0.00000,8.03318,-0.31040
1987.30000,-3.15000,-50.88000,0.00000,8.02358,-0.31048
1987.30000,-3.15000,-50.87000,0.00000,8.01398,-0.31057
1987.30000,-3.15000,-50.86000,0.00000,8.00438,-0.31065
1987.30000,-3.15000,-50.85000,0.00000,7.99477,-0.31073
1987.30000,-3.15000,-50.84000,0.00000,7.98516,-0.31081
1987.30000,-3.15000,-50.83000,0.00000,7.97555,-0.31089
1987.30000,-3.15000,-50.82000,0.00000,7.96593,-0.31097
1987.30000,-3.15000,-50.81000,0.00000,7.95631,-0.31106
1987.30000,-3.15000,-50.80000,0.00000,7.94669,-0.31114
1987.30000,-3.16000,-50.95000,0.00000,8.07316,-0.30993
1987.30000,-3.16000,-50.94000,0.00000,8.06359,-0.31001
1987.30000,-3.16000,-50.93000,0.00000,8.05401,-0.31009
1987.30000,-3.16000,-50.92000,0.00000,8.04443,-0.31017
1987.30000,-3.16000,-50.91000,0.00000,8.03484,-0.31026
1987.30000,-3.16000,-50.90000,0.00000,8.02525,-0.31034
1987.30000,-3.16000,-50.89000,0.00000,8.01566,-0.31042
1987.30000,-3.16000,-50.88000,0.00000,8.00606,-0.31050
1987.30000,-3.16000,-50.87000,0.00000,7.99646,-0.31058
1987.30000,-3.16000,-50.86000,0.00000,7.98686,-0.31067
1987.30000,-3.16000,-50.85000,0.00000,7.97725,-0.31075
1987.30000,-3.16000,-50.84000,0.00000,7.96764,-0.31083
1987.30000,-3.16000,-50.83000,0.00000,7.95803,-0.31091
1987.30000,-3.16000,-50.82000,0.00000,7.94841,-0.31099
1987.30000,-3.16000,-50.81000,0.00000,7.93879,-0.31107
1987.30000,-3.16000,-50.80000,0.00000,7.92916,-0.31116
1987.30000,-3.17000,-50.95000,0.00000,8.05565,-0.30995
1987.30000,-3.17000,-50.94000,0.00000,8.04607,-0.31003
1987.30000,-3.17000,-50.93000,0.00000,8.03649,-0.31011
1987.30000,-3.17000,-50.92000,0.00000,8.02691,-0.31019
1987.30000,-3.17000,-50.91000,0.00000,8.01732,-0.31027
1987.30000,-3.17000,-50.90000,0.00000,8.00773,-0.31036
1987.30000,-3.17000,-50.89000,0.00000,7.99814,-0.31044
1987.30000,-3.17000,-50.88000,0.00000,7.98854,-0.31052
1987.30000,-3.17000,-50.87000,0.00000,7.97894,-0.31060
1987.30000,-3.17000,-50.86000,0.00000,7.96934,-0.31068
1987.30000,-3.17000,-50.85000,0.00000,7.95973,-0.31077
1987.30000,-3.17000,-50.84000,0.00000,7.95012,-0.31085
1987.30000,-3.17000,-50.83000,0.00000,7.94050,-0.31093
1987.30000,-3.17000,-50.82000,0.00000,7.93089,-0.31101
1987.30000,-3.17000,-50.81000,0.00000,7.92126,-0.31109
1987.30000,-3.17000,-50.80000,0.00000,7.91164,-0.31117
1987.30000,-3.18000,-50.95000,0.00000,8.03813,-0.30996
1987.30000,-3.18000,-50.94000,0.00000,8.02855,-0.31005
1987.30000,-3.18000,-50.93000,0.00000,8.01897,-0.31013
1987.30000,-3.18000,-50.92000,0.00000,8.00939,-0.31021
1987.30000,-3.18000,-50.91000,0.00000,7.99980,-0.31029
1987.30000,-3.18000,-50.90000,0.00000,7.99021,-0.31037
1987.30000,-3.18000,-50.89000,0.00000,7.98061,-0.31046
1987.30000,-3.18000,-50.88000,0.00000,7.97102,-0.31054
1987.30000,-3.18000,-50.87000,0.00000,7.96142,-0.31062
1987.30000,-3.18000,-50.86000,0.00000,7.95181,-0.31070
1987.30000,-3.18000,-50.85000,0.00000,7.94220,-0.31078
1987.30000,-3.18000,-50.84000,0.00000,7.93259,-0.31087
1987.30000,-3.18000,-50.83000,0.00000,7.92298,-0.31095
1987.30000,-3.18000,-50.82000,0.00000,7.91336,-0.31103
1987.30000,-3.18000,-50.81000,0.00000,7.90374,-0.31111
1987.30000,-3.18000,-50.80000,0.00000,7.89411,-0.31119
1987.30000,-3.19000,-50.95000,0.00000,8.02061,-0.30998
1987.30000,-3.19000,-50.94000,0.00000,8.01103,-0.31006
1987.30000,-3.19000,-50.93000,0.00000,8.00145,-0.31015
1987.30000,-3.19000,-50.92000,0.00000,7.99186,-0.31023
1987.30000,-3.19000,-50.91000,0.00000,7.98228,-0.31031
1987.30000,-3.19000,-50.90000,0.00000,7.97269,-0.31039
1987.30000,-3.19000,-50.89000,0.00000,7.96309,-0.31047
1987.30000,-3.19000,-50.88000,0.00000,7.95349,-0.31056
1987.30000,-3.19000,-50.87000,0.00000,7.94389,-0.31064
1987.30000,-3.19000,-50.86000,0.00000,7.93429,-0.31072
1987.30000,-3.19000,-50.85000,0.00000,7.92468,-0.31080
1987.30000,-3.19000,-50.84000,0.00000,7.91507,-0.31088
1987.30000,-3.19000,-50.83000,0.00000,7.90545,-0.31096
1987.30000,-3.19000,-50.82000,0.00000,7.89583,-0.31105
1987.30000,-3.19000,-50.81000,0.00000,7.88621,-0.31113
1987.30000,-3.19000,-50.80000,0.00000,7.87659,-0.31121
1987.30000,-3.20000,-50.95000,0.00000,8.00308,-0.31000
1987.30000,-3.20000,-50.94000,0.00000,7.99351,-0.31008
1987.30000,-3.20000,-50.93000,0.00000,7.98393,-0.31016
1987.30000,-3.20000,-50.92000,0.00000,7.97434,-0.31025
1987.30000,-3.20000,-50.91000,0.00000,7.96475,-0.31033
1987.30000,-3.20000,-50.90000,0.00000,7.95516,-0.31041
1987.30000,-3.20000,-50.89000,0.00000,7.94557,-0.31049
1987.30000,-3.20000,-50.88000,0.00000,7.93597,-0.31057
1987.30000,-3.20000,-50.87000,0.00000,7.92637,-0.31066
1987.30000,-3.20000,-50.86000,0.00000,7.91676,-0.31074
1987.30000,-3.20000,-50.85000,0.00000,7.90715,-0.31082
1987.30000,-3.20000,-50.84000,0.00000,7.89754,-0.31090
1987.30000,-3.20000,-50.83000,0.00000,7.88793,-0.31098
1987.30000,-3.20000,-50.82000,0.00000,7.87831,-0.31106
1987.30000,-3.20000,-50.81000,0.00000,7.86868,-0.31115
1987.30000,-3.20000,-50.80000,0.00000,7.85906,-0.31123
1987.40000,-3.10000,-50.95000,0.00000,8.14735,-0.30982
1987.40000,-3.10000,-50.94000,0.00000,8.13777,-0.30990
1987.40000,-3.10000,-50.93000,0.00000,8.12819,-0.30998
1987.40000,-3.10000,-50.92000,0.00000,8.11860,-0.31007
1987.40000,-3.10000,-50.91000,0.00000,8.10901,-0.31015
1987.40000,-3.10000,-50.90000,0.00000,8.09941,-0.31023
1987.40000,-3.10000,-50.89000,0.00000,8.08981,-0.31031
1987.40000,-3.10000,-50.88000,0.00000,8.08021,-0.31039
1987.40000,-3.10000,-50.87000,0.00000,8.07060,-0.31048
1987.40000,-3.10000,-50.86000,0.00000,8.06100,-0.31056
1987.40000,-3.10000,-50.85000,0.00000,8.05138,-0.31064
1987.40000,-3.10000,-50.84000,0.00000,8.04177,-0.31072
1987.40000,-3.10000,-50.83000,0.00000,8.03215,-0.31080
1987.40000,-3.10000,-50.82000,0.00000,8.02253,-0.31088
1987.40000,-3.10000,-50.81000,0.00000,8.01290,-0.31097
1987.40000,-3.10000,-50.80000,0.00000,8.00327,-0.31105
1987.40000,-3.11000,-50.95000,0.00000,8.12984,-0.30984
1987.40000,-3.11000,-50.94000,0.00000,8.12026,-0.30992
1987.40000,-3.11000,-50.93000,0.00000,8.11067,-0.31000
1987.40000,-3.11000,-50.92000,0.00000,8.10108,-0.31008
1987.40000,-3.11000,-50.91000,0.00000,8.09149,-0.31017
1987.40000,-3.11000,-50.90000,0.00000,8.08189,-0.31025
1987.40000,-3.11000,-50.89000,0.00000,8.07229,-0.31033
1987.40000,-3.11000,-50.88000,0.00000,8.06269,-0.31041
1987.40000,-3.11000,-50.87000,0.00000,8.05309,-0.31049
1987.40000,-3.11000,-50.86000,0.00000,8.04348,-0.31058
1987.40000,-3.11000,-50.85000,0.00000,8.03386,-0.31066
1987.40000,-3.11000,-50.84000,0.00000,8.02425,-0.31074
1987.40000,-3.11000,-50.83000,0.00000,8.01463,-0.31082
1987.40000,-3.11000,-50.82000,0.00000,8.00500,-0.31090
1987.40000,-3.11000,-50.81000,0.00000,7.99538,-0.31098
1987.40000,-3.11000,-50.80000,0.00000,7.98575,-0.31107
1987.40000,-3.12000,-50.95000,0.00000,8.11232,-0.30986
1987.40000,-3.12000,-50.94000,0.00000,8.10274,-0.30994
1987.40000,-3.12000,-50.93000,0.00000,8.09315,-0.31002
1987.40000,-3.12000,-50.92000,0.00000,8.08356,-0.31010
1987.40000,-3.12000,-50.91000,0.00000,8.07397,-0.31018
1987.40000,-3.12000,-50.90000,0.00000,8.06438,-0.31027
1987.40000,-3.12000,-50.89000,0.00000,8.05478,-0.31035
1987.40000,-3.12000,-50.88000,0.00000,8.04517,-0.31043
1987.40000,-3.12000,-50.87000,0.00000,8.03557,-0.31051
1987.40000,-3.12000,-50.86000,0.00000,8.02596,-0.31059
1987.40000,-3.12000,-50.85000,0.00000,8.01634,-0.31068
1987.40000,-3.12000,-50.84000,0.00000,8.00673,-0.31076
1987.40000,-3.12000,-50.83000,0.00000,7.99711,-0.31084
1987.40000,-3.12000,-50.82000,0.00000,7.98748,-0.31092
1987.40000,-3.12000,-50.81000,0.00000,7.97786,-0.31100
1987.40000,-3.12000,-50.80000,0.00000,7.96823,-0.31108
1987.40000,-3.13000,-50.95000,0.00000,8.09480,-0.30987
1987.40000,-3.13000,-50.94000,0.00000,8.08522,-0.30996
1987.40000,-3.13000,-50.93000,0.00000,8.07564,-0.31004
1987.40000,-3.13000,-50.92000,0.00000,8.06605,-0.31012
1987.40000,-3.13000,-50.91000,0.00000,8.05645,-0.31020
1987.40000,-3.13000,-50.90000,0.00000,8.04686,-0.31028
1987.40000,-3.13000,-50.89000,0.00000,8.03726,-0.31037
1987.40000,-3.13000,-50.88000,0.00000,8.02765,-0.31045
1987.40000,-3.13000,-50.87000,0.00000,8.01805,-0.31053
1987.40000,-3.13000,-50.86000,0.00000,8.00844,-0.31061
1987.40000,-3.13000,-50.85000,0.00000,7.99882,-0.31069
1987.40000,-3.13000,-50.84000,0.00000,7.98920,-0.31078
1987.40000,-3.13000,-50.83000,0.00000,7.97958,-0.31086
1987.40000,-3.13000,-50.82000,0.00000,7.96996,-0.31094
1987.40000,-3.13000,-50.81000,0.00000,7.96033,-0.31102
1987.40000,-3.13000,-50.80000,0.00000,7.95070,-0.31110
1987.40000,-3.14000,-50.95000,0.00000,8.07729,-0.30989
1987.40000,-3.14000,-50.94000,0.00000,8.06770,-0.30997
1987.40000,-3.14000,-50.93000,0.00000,8.05812,-0.31006
1987.40000,-3.14000,-50.92000,0.00000,8.04853,-0.31014
1987.40000,-3.14000,-50.91000,0.00000,8.03893,-0.31022
1987.40000,-3.14000,-50.90000,0.00000,8.02934,-0.31030
1987.40000,-3.14000,-50.89000,0.00000,8.01974,-0.31038
1987.40000,-3.14000,-50.88000,0.00000,8.01013,-0.31047
1987.40000,-3.14000,-50.87000,0.00000,8.00052,-0.31055
1987.40000,-3.14000,-50.86000,0.00000,7.99091,-0.31063
1987.40000,-3.14000,-50.85000,0.00000,7.98130,-0.31071
1987.40000,-3.14000,-50.84000,0.00000,7.97168,-0.31079
1987.40000,-3.14000,-50.83000,0.00000,7.96206,-0.31088
1987.40000,-3.14000,-50.82000,0.00000,7.95244,-0.31096
1987.40000,-3.14000,-50.81000,0.00000,7.94281,-0.31104
1987.40000,-3.14000,-50.80000,0.00000,7.93318,-0.31112
1987.40000,-3.15000,-50.95000,0.00000,8.05977,-0.30991
1987.40000,-3.15000,-50.94000,0.00000,8.05018,-0.30999
1987.40000,-3.15000,-50.93000,0.00000,8.04060,-0.31007
1987.40000,-3.15000,-50.92000,0.00000,8.03101,-0.31016
1987.40000,-3.15000,-50.91000,0.00000,8.02141,-0.31024
1987.40000,-3.15000,-50.90000,0.00000,8.01182,-0.31032
1987.40000,-3.15000,-50.89000,0.00000,8.00221,-0.31040
1987.40000,-3.15000,-50.88000,0.00000,7.99261,-0.31048
1987.40000,-3.15000,-50.87000,0.00000,7.98300,-0.31057
1987.40000,-3.15000,-50.86000,0.00000,7.97339,-0.31065
1987.40000,-3.15000,-50.85000,0.00000,7.96378,-0.31073
1987.40000,-3.15000,-50.84000,0.00000,7.95416,-0.31081
1987.40000,-3.15000,-50.83000,0.00000,7.94454,-0.31089
1987.40000,-3.15000,-50.82000,0.00000,7.93491,-0.31097
1987.40000,-3.15000,-50.81000,0.00000,7.92528,-0.31106
1987.40000,-3.15000,-50.80000,0.00000,7.91565,-0.31114
1987.40000,-3.16000,-50.95000,0.00000,8.04225,-0.30993
1987.40000,-3.16000,-50.94000,0.00000,8.03266,-0.31001
1987.40000,-3.16000,-50.93000,0.00000,8.02308,-0.31009
1987.40000,-3.16000,-50.92000,0.00000,8.01349,-0.31017
1987.40000,-3.16000,-50.91000,0.00000,8.00389,-0.31026
1987.40000,-3.16000,-50.90000,0.00000,7.99429,-0.31034
1987.40000,-3.16000,-50.89000,0.00000,7.98469,-0.31042
1987.40000,-3.16000,-50.88000,0.00000,7.97509,-0.31050
1987.40000,-3.16000,-50.87000,0.00000,7.96548,-0.31058
1987.40000,-3.16000,-50.86000,0.00000,7.95587,-0.31067
1987.40000,-3.16000,-50.85000,0.00000,7.94625,-0.31075
1987.40000,-3.16000,-50.84000,0.00000,7.93663,-0.31083
1987.40000,-3.16000,-50.83000,0.00000,7.92701,-0.31091
1987.40000,-3.16000,-50.82000,0.00000,7.91739,-0.31099
1987.40000,-3.16000,-50.81000,0.00000,7.90776,-0.31107
1987.40000,-3.16000,-50.80000,0.00000,7.89813,-0.31116
1987.40000,-3.17000,-50.95000,0.00000,8.02473,-0.30995
1987.40000,-3.17000,-50.94000,0.00000,8.01514,-0.31003
1987.40000,-3.17000,-50.93000,0.00000,8.00556,-0.31011
1987.40000,-3.17000,-50.92000,0.00000,7.99596,-0.31019
1987.40000,-3.17000,-50.91000,0.00000,7.98637,-0.31027
1987.40000,-3.17000,-50.90000,0.00000,7.97677,-0.31036
1987.40000,-3.17000,-50.89000,0.00000,7.96717,-0.31044
1987.40000,-3.17000,-50.88000,0.00000,7.95756,-0.31052
1987.40000,-3.17000,-50.87000,0.00000,7.94796,-0.31060
1987.40000,-3.17000,-50.86000,0.00000,7.93834,-0.31068
1987.40000,-3.17000,-50.85000,0.00000,7.92873,-0.31077
1987.40000,-3.17000,-50.84000,0.00000,7.91911,-0.31085
1987.40000,-3.17000,-50.83000,0.00000,7.90949,-0.31093
1987.40000,-3.17000,-50.82000,0.00000,7.89986,-0.31101
1987.40000,-3.17000,-50.81000,0.00000,7.89023,-0.31109
1987.40000,-3.17000,-50.80000,0.00000,7.88060,-0.31117
1987.40000,-3.18000,-50.95000,0.00000,8.00721,-0.30996
1987.40000,-3.18000,-50.94000,0.00000,7.99762,-0.31005
1987.40000,-3.18000,-50.93000,0.00000,7.98803,-0.31013
1987.40000,-3.18000,-50.92000,0.00000,7.97844,-0.31021
1987.40000,-3.18000,-50.91000,0.00000,7.96885,-0.31029
1987.40000,-3.18000,-50.90000,0.00000,7.95925,-0.31037
1987.40000,-3.18000,-50.89000,0.00000,7.94965,-0.31046
1987.40000,-3.18000,-50.88000,0.00000,7.94004,-0.31054
1987.40000,-3.18000,-50.87000,0.00000,7.93043,-0.31062
1987.40000,-3.18000,-50.86000,0.00000,7.92082,-0.31070
1987.40000,-3.18000,-50.85000,0.00000,7.91120,-0.31078
1987.40000,-3.18000,-50.84000,0.00000,7.90158,-0.31087
1987.40000,-3.18000,-50.83000,0.00000,7.89196,-0.31095
1987.40000,-3.18000,-50.82000,0.00000,7.88233,-0.31103
1987.40000,-3.18000,-50.81000,0.00000,7.87270,-0.31111
1987.40000,-3.18000,-50.80000,0.00000,7.86307,-0.31119
1987.40000,-3.19000,-50.95000,0.00000,7.98968,-0.30998
1987.40000,-3.19000,-50.94000,0.00000,7.98010,-0.31006
1987.40000,-3.19000,-50.93000,0.00000,7.97051,-0.31015
1987.40000,-3.19000,-50.92000,0.00000,7.96092,-0.31023
1987.40000,-3.19000,-50.91000,0.00000,7.95132,-0.31031
1987.40000,-3.19000,-50.90000,0.00000,7.94172,-0.31039
1987.40000,-3.19000,-50.89000,0.00000,7.93212,-0.31047
1987.40000,-3.19000,-50.88000,0.00000,7.92251,-0.31056
1987.40000,-3.19000,-50.87000,0.00000,7.91291,-0.31064
1987.40000,-3.19000,-50.86000,0.00000,7.90329,-0.31072
1987.40000,-3.19000,-50.85000,0.00000,7.89368,-0.31080
1987.40000,-3.19000,-50.84000,0.00000,7.88406,-0.31088
1987.40000,-3.19000,-50.83000,0.00000,7.87443,-0.31096
1987.40000,-3.19000,-50.82000,0.00000,7.86481,-0.31105
1987.40000,-3.19000,-50.81000,0.00000,7.85518,-0.31113
1987.40000,-3.19000,-50.80000,0.00000,7.84554,-0.31121
1987.40000,-3.20000,-50.95000,0.00000,7.97216,-0.31000
1987.40000,-3.20000,-50.94000,0.00000,7.96258,-0.31008
1987.40000,-3.20000,-50.93000,0.00000,7.95299,-0.31016
1987.40000,-3.20000,-50.92000,0.00000,7.94339,-0.31025
1987.40000,-3.20000,-50.91000,0.00000,7.93380,-0.31033
1987.40000,-3.20000,-50.90000,0.00000,7.92420,-0.31041
1987.40000,-3.20000,-50.89000,0.00000,7.91459,-0.31049
1987.40000,-3.20000,-50.88000,0.00000,7.90499,-0.31057
1987.40000,-3.20000,-50.87000,0.00000,7.89538,-0.31066
1987.40000,-3.20000,-50.86000,0.00000,7.88577,-0.31074
1987.40000,-3.20000,-50.85000,0.00000,7.87615,-0.31082
1987.40000,-3.20000,-50.84000,0.00000,7.86653,-0.31090
1987.40000,-3.20000,-50.83000,0.00000,7.85690,-0.31098
1987.40000,-3.20000,-50.82000,0.00000,7.84728,-0.31106
1987.40000,-3.20000,-50.81000,0.00000,7.83765,-0.31115
1987.40000,-3.20000,-50.80000,0.00000,7.82801,-0.31123
1987.50000,-3.10000,-50.95000,0.00000,8.11643,-0.30982
1987.50000,-3.10000,-50.94000,0.00000,8.10684,-0.30990
1987.50000,-3.10000,-50.93000,0.00000,8.09725,-0.30998
1987.50000,-3.10000,-50.92000,0.00000,8.08765,-0.31007
1987.50000,-3.10000,-50.91000,0.00000,8.07805,-0.31015
1987.50000,-3.10000,-50.90000,0.00000,8.06845,-0.31023
1987.50000,-3.10000,-50.89000,0.00000,8.05884,-0.31031
1987.50000,-3.10000,-50.88000,0.00000,8.04923,-0.31039
1987.50000,-3.10000,-50.87000,0.00000,8.03962,-0.31048
1987.50000,-3.10000,-50.86000,0.00000,8.03000,-0.31056
1987.50000,-3.10000,-50.85000,0.00000,8.02038,-0.31064
1987.50000,-3.10000,-50.84000,0.00000,8.01076,-0.31072
1987.50000,-3.10000,-50.83000,0.00000,8.00113,-0.31080
1987.50000,-3.10000,-50.82000,0.00000,7.99150,-0.31088
1987.50000,-3.10000,-50.81000,0.00000,7.98187,-0.31097
1987.50000,-3.10000,-50.80000,0.00000,7.97223,-0.31105
1987.50000,-3.11000,-50.95000,0.00000,8.09892,-0.30984
1987.50000,-3.11000,-50.94000,0.00000,8.08933,-0.30992
1987.50000,-3.11000,-50.93000,0.00000,8.07973,-0.31000
1987.50000,-3.11000,-50.92000,0.00000,8.07014,-0.31008
1987.50000,-3.11000,-50.91000,0.00000,8.06054,-0.31017
1987.50000,-3.11000,-50.90000,0.00000,8.05093,-0.31025
1987.50000,-3.11000,-50.89000,0.00000,8.04132,-0.31033
1987.50000,-3.11000,-50.88000,0.00000,8.03171,-0.31041
1987.50000,-3.11000,-50.87000,0.00000,8.02210,-0.31049
1987.50000,-3.11000,-50.86000,0.00000,8.01248,-0.31058
1987.50000,-3.11000,-50.85000,0.00000,8.00286,-0.31066
1987.50000,-3.11000,-50.84000,0.00000,7.99324,-0.31074
1987.50000,-3.11000,-50.83000,0.00000,7.98361,-0.31082
1987.50000,-3.11000,-50.82000,0.00000,7.97398,-0.31090
1987.50000,-3.11000,-50.81000,0.00000,7.96434,-0.31098
1987.50000,-3.11000,-50.80000,0.00000,7.95470,-0.31107
1987.50000,-3.12000,-50.95000,0.00000,8.08140,-0.30986
1987.50000,-3.12000,-50.94000,0.00000,8.07181,-0.30994
1987.50000,-3.12000,-50.93000,0.00000,8.06221,-0.31002
1987.50000,-3.12000,-50.92000,0.00000,8.05262,-0.31010
1987.50000,-3.12000,-50.91000,0.00000,8.04302,-0.31018
1987.50000,-3.12000,-50.90000,0.00000,8.03341,-0.31027
1987.50000,-3.12000,-50.89000,0.00000,8.02380,-0.31035
1987.50000,-3.12000,-50.88000,0.00000,8.01419,-0.31043
1987.50000,-3.12000,-50.87000,0.00000,8.00458,-0.31051
1987.50000,-3.12000,-50.86000,0.00000,7.99496,-0.31059
1987.50000,-3.12000,-50.85000,0.00000,7.98534,-0.31068
1987.50000,-3.12000,-50.84000,0.00000,7.97571,-0.31076
1987.50000,-3.12000,-50.83000,0.00000,7.96609,-0.31084
1987.50000,-3.12000,-50.82000,0.00000,7.95645,-0.31092
1987.50000,-3.12000,-50.81000,0.00000,7.94682,-0.31100
1987.50000,-3.12000,-50.80000,0.00000,7.93718,-0.31108
1987.50000,-3.13000,-50.95000,0.00000,8.06388,-0.30987
1987.50000,-3.13000,-50.94000,0.00000,8.05429,-0.30996
1987.50000,-3.13000,-50.93000,0.00000,8.04469,-0.31004
1987.50000,-3.13000,-50.92000,0.00000,8.03510,-0.31012
1987.50000,-3.13000,-50.91000,0.00000,8.02550,-0.31020
1987.50000,-3.13000,-50.90000,0.00000,8.01589,-0.31028
1987.50000,-3.13000,-50.89000,0.00000,8.00628,-0.31037
1987.50000,-3.13000,-50.88000,0.00000,7.99667,-0.31045
1987.50000,-3.13000,-50.87000,0.00000,7.98706,-0.31053
1987.50000,-3.13000,-50.86000,0.00000,7.97744,-0.31061
1987.50000,-3.13000,-50.85000,0.00000,7.96782,-0.31069
1987.50000,-3.13000,-50.84000,0.00000,7.95819,-0.31078
1987.50000,-3.13000,-50.83000,0.00000,7.94856,-0.31086
1987.50000,-3.13000,-50.82000,0.00000,7.93893,-0.31094
1987.50000,-3.13000,-50.81000,0.00000,7.92929,-0.31102
1987.50000,-3.13000,-50.80000,0.00000,7.91965,-0.31110
1987.50000,-3.14000,-50.95000,0.00000,8.04636,-0.30989
1987.50000,-3.14000,-50.94000,0.00000,8.03677,-0.30997
1987.50000,-3.14000,-50.93000,0.00000,8.02717,-0.31006
1987.50000,-3.14000,-50.92000,0.00000,8.01758,-0.31014
1987.50000,-3.14000,-50.91000,0.00000,8.00797,-0.31022
1987.50000,-3.14000,-50.90000,0.00000,7.99837,-0.31030
1987.50000,-3.14000,-50.89000,0.00000,7.98876,-0.31038
1987.50000,-3.14000,-50.88000,0.00000,7.97915,-0.31047
1987.50000,-3.14000,-50.87000,0.00000,7.96953,-0.31055
1987.50000,-3.14000,-50.86000,0.00000,7.95991,-0.31063
1987.50000,-3.14000,-50.85000,0.00000,7.95029,-0.31071
1987.50000,-3.14000,-50.84000,0.00000,7.94067,-0.31079
1987.50000,-3.14000,-50.83000,0.00000,7.93104,-0.31088
1987.50000,-3.14000,-50.82000,0.00000,7.92140,-0.31096
1987.50000,-3.14000,-50.81000,0.00000,7.91177,-0.31104
1987.50000,-3.14000,-50.80000,0.00000,7.90213,-0.31112
1987.50000,-3.15000,-50.95000,0.00000,8.02884,-0.30991
1987.50000,-3.15000,-50.94000,0.00000,8.01925,-0.30999
1987.50000,-3.15000,-50.93000,0.00000,8.00965,-0.31007
1987.50000,-3.15000,-50.92000,0.00000,8.00005,-0.31016
1987.50000,-3.15000,-50.91000,0.00000,7.99045,-0.31024
1987.50000,-3.15000,-50.90000,0.00000,7.98085,-0.31032
1987.50000,-3.15000,-50.89000,0.00000,7.97124,-0.31040
1987.50000,-3.15000,-50.88000,0.00000,7.96162,-0.31048
1987.50000,-3.15000,-50.87000,0.00000,7.95201,-0.31057
1987.50000,-3.15000,-50.86000,0.00000,7.94239,-0.31065
1987.50000,-3.15000,-50.85000,0.00000,7.93277,-0.31073
1987.50000,-3.15000,-50.84000,0.00000,7.92314,-0.31081
1987.50000,-3.15000,-50.83000,0.00000,7.91351,-0.31089
1987.50000,-3.15000,-50.82000,0.00000,7.90388,-0.31097
1987.50000,-3.15000,-50.81000,0.00000,7.89424,-0.31106
1987.50000,-3.15000,-50.80000,0.00000,7.88460,-0.31114
1987.50000,-3.16000,-50.95000,0.00000,8.01132,-0.30993
1987.50000,-3.16000,-50.94000,0.00000,8.00173,-0.31001
1987.50000,-3.16000,-50.93000,0.00000,7.99213,-0.31009
1987.50000,-3.16000,-50.92000,0.00000,7.98253,-0.31017
1987.50000,-3.16000,-50.91000,0.00000,7.97293,-0.31026
1987.50000,-3.16000,-50.90000,0.00000,7.96332,-0.31034
1987.50000,-3.16000,-50.89000,0.00000,7.95371,-0.31042
1987.50000,-3.16000,-50.88000,0.00000,7.94410,-0.31050
1987.50000,-3.16000,-50.87000,0.00000,7.93448,-0.31058
1987.50000,-3.16000,-50.86000,0.00000,7.92486,-0.31067
1987.50000,-3.16000,-50.85000,0.00000,7.91524,-0.31075
1987.50000,-3.16000,-50.84000,0.00000,7.90561,-0.31083
1987.50000,-3.16000,-50.83000,0.00000,7.89598,-0.31091
1987.50000,-3.16000,-50.82000,0.00000,7.88635,-0.31099
1987.50000,-3.16000,-50.81000,0.00000,7.87671,-0.31107
1987.50000,-3.16000,-50.80000,0.00000,7.86707,-0.31116
1987.50000,-3.17000,-50.95000,0.00000,7.99380,-0.30995
1987.50000,-3.17000,-50.94000,0.00000,7.98420,-0.31003
1987.50000,-3.17000,-50.93000,0.00000,7.97461,-0.31011
1987.50000,-3.17000,-50.92000,0.00000,7.96501,-0.31019
1987.50000,-3.17000,-50.91000,0.00000,7.95540,-0.31027
1987.50000,-3.17000,-50.90000,0.00000,7.94580,-0.31036
1987.50000,-3.17000,-50.89000,0.00000,7.93619,-0.31044
1987.50000,-3.17000,-50.88000,0.00000,7.92658,-0.31052
1987.50000,-3.17000,-50.87000,0.00000,7.91696,-0.31060
1987.50000,-3.17000,-50.86000,0.00000,7.90734,-0.31068
1987.50000,-3.17000,-50.85000,0.00000,7.89771,-0.31077
1987.50000,-3.17000,-50.84000,0.00000,7.88809,-0.31085
1987.50000,-3.17000,-50.83000,0.00000,7.87846,-0.31093
1987.50000,-3.17000,-50.82000,0.00000,7.86882,-0.31101
1987.50000,-3.17000,-50.81000,0.00000,7.85919,-0.31109
1987.50000,-3.17000,-50.80000,0.00000,7.84954,-0.31117
1987.50000,-3.18000,-50.95000,0.00000,7.97627,-0.30996
1987.50000,-3.18000,-50.94000,0.00000,7.96668,-0.31005
1987.50000,-3.18000,-50.93000,0.00000,7.95708,-0.31013
1987.50000,-3.18000,-50.92000,0.00000,7.94748,-0.31021
1987.50000,-3.18000,-50.91000,0.00000,7.93788,-0.31029
1987.50000,-3.18000,-50.90000,0.00000,7.92827,-0.31037
1987.50000,-3.18000,-50.89000,0.00000,7.91866,-0.31046
1987.50000,-3.18000,-50.88000,0.00000,7.90905,-0.31054
1987.50000,-3.18000,-50.87000,0.00000,7.89943,-0.31062
1987.50000,-3.18000,-50.86000,0.00000,7.88981,-0.31070
1987.50000,-3.18000,-50.85000,0.00000,7.88019,-0.31078
1987.50000,-3.18000,-50.84000,0.00000,7.87056,-0.31087
1987.50000,-3.18000,-50.83000,0.00000,7.86093,-0.31095
1987.50000,-3.18000,-50.82000,0.00000,7.85129,-0.31103
1987.50000,-3.18000,-50.81000,0.00000,7.84166,-0.31111
1987.50000,-3.18000,-50.80000,0.00000,7.83202,-0.31119
1987.50000,-3.19000,-50.95000,0.00000,7.95875,-0.30998
1987.50000,-3.19000,-50.94000,0.00000,7.94916,-0.31006
1987.50000,-3.19000,-50.93000,0.00000,7.93956,-0.31015
1987.50000,-3.19000,-50.92000,0.00000,7.92996,-0.31023
1987.50000,-3.19000,-50.91000,0.00000,7.92035,-0.31031
1987.50000,-3.19000,-50.90000,0.00000,7.91075,-0.31039
1987.50000,-3.19000,-50.89000,0.00000,7.90114,-0.31047
1987.50000,-3.19000,-50.88000,0.00000,7.89152,-0.31056
1987.50000,-3.19000,-50.87000,0.00000,7.88190,-0.31064
1987.50000,-3.19000,-50.86000,0.00000,7.87228,-0.31072
1987.50000,-3.19000,-50.85000,0.00000,7.86266,-0.31080
1987.50000,-3.19000,-50.84000,0.00000,7.85303,-0.31088
1987.50000,-3.19000,-50.83000,0.00000,7.84340,-0.31096
1987.50000,-3.19000,-50.82000,0.00000,7.83376,-0.31105
1987.50000,-3.19000,-50.81000,0.00000,7.82413,-0.31113
1987.50000,-3.19000,-50.80000,0.00000,7.81448,-0.31121
1987.50000,-3.20000,-50.95000,0.00000,7.94122,-0.31000
1987.50000,-3.20000,-50.94000,0.00000,7.93163,-0.31008
1987.50000,-3.20000,-50.93000,0.00000,7.92203,-0.31016
1987.50000,-3.20000,-50.92000,0.00000,7.91243,-0.31025
1987.50000,-3.20000,-50.91000,0.00000,7.90283,-0.31033
1987.50000,-3.20000,-50.90000,0.00000,7.89322,-0.31041
1987.50000,-3.20000,-50.89000,0.00000,7.88361,-0.31049
1987.50000,-3.20000,-50.88000,0.00000,7.87399,-0.31057
1987.50000,-3.20000,-50.87000,0.00000,7.86438,-0.31066
1987.50000,-3.20000,-50.86000,0.00000,7.85475,-0.31074
1987.50000,-3.20000,-50.85000,0.00000,7.84513,-0.31082
1987.50000,-3.20000,-50.84000,0.00000,7.83550,-0.31090
1987.50000,-3.20000,-50.83000,0.00000,7.82587,-0.31098
1987.50000,-3.20000,-50.82000,0.00000,7.81623,-0.31106
1987.50000,-3.20000,-50.81000,0.00000,7.80660,-0.31115
1987.50000,-3.20000,-50.80000,0.00000,7.79695,-0.31123
1987.60000,-3.10000,-50.95000,0.00000,8.08550,-0.30982
1987.60000,-3.10000,-50.94000,0.00000,8.07590,-0.30990
1987.60000,-3.10000,-50.93000,0.00000,8.06630,-0.30998
1987.60000,-3.10000,-50.92000,0.00000,8.05670,-0.31007
1987.60000,-3.10000,-50.91000,0.00000,8.04709,-0.31015
1987.60000,-3.10000,-50.90000,0.00000,8.03748,-0.31023
1987.60000,-3.10000,-50.89000,0.00000,8.02786,-0.31031
1987.60000,-3.10000,-50.88000,0.00000,8.01824,-0.31039
1987.60000,-3.10000,-50.87000,0.00000,8.00862,-0.31048
1987.60000,-3.10000,-50.86000,0.00000,7.99900,-0.31056
1987.60000,-3.10000,-50.85000,0.00000,7.98937,-0.31064
1987.60000,-3.10000,-50.84000,0.00000,7.97974,-0.31072
1987.60000,-3.10000,-50.83000,0.00000,7.97010,-0.31080
1987.60000,-3.10000,-50.82000,0.00000,7.96046,-0.31088
1987.60000,-3.10000,-50.81000,0.00000,7.95082,-0.31097
1987.60000,-3.10000,-50.80000,0.00000,7.94117,-0.31105
1987.60000,-3.11000,-50.95000,0.00000,8.06798,-0.30984
1987.60000,-3.11000,-50.94000,0.00000,8.05838,-0.30992
1987.60000,-3.11000,-50.93000,0.00000,8.04878,-0.31000
1987.60000,-3.11000,-50.92000,0.00000,8.03918,-0.31008
1987.60000,-3.11000,-50.91000,0.00000,8.02957,-0.31017
1987.60000,-3.11000,-50.90000,0.00000,8.01996,-0.31025
1987.60000,-3.11000,-50.89000,0.00000,8.01034,-0.31033
1987.60000,-3.11000,-50.88000,0.00000,8.00072,-0.31041
1987.60000,-3.11000,-50.87000,0.00000,7.99110,-0.31049
1987.60000,-3.11000,-50.86000,0.00000,7.98147,-0.31058
1987.60000,-3.11000,-50.85000,0.00000,7.97184,-0.31066
1987.60000,-3.11000,-50.84000,0.00000,7.96221,-0.31074
1987.60000,-3.11000,-50.83000,0.00000,7.95258,-0.31082
1987.60000,-3.11000,-50.82000,0.00000,7.94294,-0.31090
1987.60000,-3.11000,-50.81000,0.00000,7.93329,-0.31098
1987.60000,-3.11000,-50.80000,0.00000,7.92365,-0.31107
1987.60000,-3.12000,-50.95000,0.00000,8.05046,-0.30986
1987.60000,-3.12000,-50.94000,0.00000,8.04086,-0.30994
1987.60000,-3.12000,-50.93000,0.00000,8.03126,-0.31002
1987.60000,-3.12000,-50.92000,0.00000,8.02166,-0.31010
1987.60000,-3.12000,-50.91000,0.00000,8.01205,-0.31018
1987.60000,-3.12000,-50.90000,0.00000,8.00243,-0.31027
1987.60000,-3.12000,-50.89000,0.00000,7.99282,-0.31035
1987.60000,-3.12000,-50.88000,0.00000,7.98320,-0.31043
1987.60000,-3.12000,-50.87000,0.00000,7.97358,-0.31051
1987.60000,-3.12000,-50.86000,0.00000,7.96395,-0.31059
1987.60000,-3.12000,-50.85000,0.00000,7.95432,-0.31068
1987.60000,-3.12000,-50.84000,0.00000,7.94469,-0.31076
1987.60000,-3.12000,-50.83000,0.00000,7.93505,-0.31084
1987.60000,-3.12000,-50.82000,0.00000,7.92541,-0.31092
1987.60000,-3.12000,-50.81000,0.00000,7.91577,-0.31100
1987.60000,-3.12000,-50.80000,0.00000,7.90612,-0.31108
1987.60000,-3.13000,-50.95000,0.00000,8.03294,-0.30987
1987.60000,-3.13000,-50.94000,0.00000,8.02334,-0.30996
1987.60000,-3.13000,-50.93000,0.00000,8.01374,-0.31004
1987.60000,-3.13000,-50.92000,0.00000,8.00413,-0.31012
1987.60000,-3.13000,-50.91000,0.00000,7.99452,-0.31020
1987.60000,-3.13000,-50.90000,0.00000,7.98491,-0.31028
1987.60000,-3.13000,-50.89000,0.00000,7.97530,-0.31037
1987.60000,-3.13000,-50.88000,0.00000,7.96568,-0.31045
1987.60000,-3.13000,-50.87000,0.00000,7.95605,-0.31053
1987.60000,-3.13000,-50.86000,0.00000,7.94643,-0.31061
1987.60000,-3.13000,-50.85000,0.00000,7.93680,-0.31069
1987.60000,-3.13000,-50.84000,0.00000,7.92716,-0.31078
1987.60000,-3.13000,-50.83000,0.00000,7.91752,-0.31086
1987.60000,-3.13000,-50.82000,0.00000,7.90788,-0.31094
1987.60000,-3.13000,-50.81000,0.00000,7.89824,-0.31102
1987.60000,-3.13000,-50.80000,0.00000,7.88859,-0.31110
1987.60000,-3.14000,-50.95000,0.00000,8.01542,-0.30989
1987.60000,-3.14000,-50.94000,0.00000,8.00582,-0.30997
1987.60000,-3.14000,-50.93000,0.00000,7.99622,-0.31006
1987.60000,-3.14000,-50.92000,0.00000,7.98661,-0.31014
1987.60000,-3.14000,-50.91000,0.00000,7.97700,-0.31022
1987.60000,-3.14000,-50.90000,0.00000,7.96739,-0.31030
1987.60000,-3.14000,-50.89000,0.00000,7.95777,-0.31038
1987.60000,-3.14000,-50.88000,0.00000,7.94815,-0.31047
1987.60000,-3.14000,-50.87000,0.00000,7.93853,-0.31055
1987.60000,-3.14000,-50.86000,0.00000,7.92890,-0.31063
1987.60000,-3.14000,-50.85000,0.00000,7.91927,-0.31071
1987.60000,-3.14000,-50.84000,0.00000,7.90964,-0.31079
1987.60000,-3.14000,-50.83000,0.00000,7.90000,-0.31088
1987.60000,-3.14000,-50.82000,0.00000,7.89036,-0.31096
1987.60000,-3.14000,-50.81000,0.00000,7.88071,-0.31104
1987.60000,-3.14000,-50.80000,0.00000,7.87107,-0.31112
1987.60000,-3.15000,-50.95000,0.00000,7.99790,-0.30991
1987.60000,-3.15000,-50.94000,0.00000,7.98830,-0.30999
1987.60000,-3.15000,-50.93000,0.00000,7.97869,-0.31007
1987.60000,-3.15000,-50.92000,0.00000,7.96909,-0.31016
1987.60000,-3.15000,-50.91000,0.00000,7.95948,-0.31024
1987.60000,-3.15000,-50.90000,0.00000,7.94986,-0.31032
1987.60000,-3.15000,-50.89000,0.00000,7.94025,-0.31040
1987.60000,-3.15000,-50.88000,0.00000,7.93063,-0.31048
1987.60000,-3.15000,-50.87000,0.00000,7.92100,-0.31057
1987.60000,-3.15000,-50.86000,0.00000,7.91137,-0.31065
1987.60000,-3.15000,-50.85000,0.00000,7.90174,-0.31073
1987.60000,-3.15000,-50.84000,0.00000,7.89211,-0.31081
1987.60000,-3.15000,-50.83000,0.00000,7.88247,-0.31089
1987.60000,-3.15000,-50.82000,0.00000,7.87283,-0.31097
1987.60000,-3.15000,-50.81000,0.00000,7.86318,-0.31106
1987.60000,-3.15000,-50.80000,0.00000,7.85354,-0.31114
1987.60000,-3.16000,-50.95000,0.00000,7.98038,-0.30993
1987.60000,-3.16000,-50.94000,0.00000,7.97077,-0.31001
1987.60000,-3.16000,-50.93000,0.00000,7.96117,-0.31009
1987.60000,-3.16000,-50.92000,0.00000,7.95156,-0.31017
1987.60000,-3.16000,-50.91000,0.00000,7.94195,-0.31026
1987.60000,-3.16000,-50.90000,0.00000,7.93234,-0.31034
1987.60000,-3.16000,-50.89000,0.00000,7.92272,-0.31042
1987.60000,-3.16000,-50.88000,0.00000,7.91310,-0.31050
1987.60000,-3.16000,-50.87000,0.00000,7.90347,-0.31058
1987.60000,-3.16000,-50.86000,0.00000,7.89385,-0.31067
1987.60000,-3.16000,-50.85000,0.00000,7.88422,-0.31075
1987.60000,-3.16000,-50.84000,0.00000,7.87458,-0.31083
1987.60000,-3.16000,-50.83000,0.00000,7.86494,-0.31091
1987.60000,-3.16000,-50.82000,0.00000,7.85530,-0.31099
1987.60000,-3.16000,-50.81000,0.00000,7.84566,-0.31107
1987.60000,-3.16000,-50.80000,0.00000,7.83601,-0.31116
1987.60000,-3.17000,-50.95000,0.00000,7.96285,-0.30995
1987.60000,-3.17000,-50.94000,0.00000,7.95325,-0.31003
1987.60000,-3.17000,-50.93000,0.00000,7.94365,-0.31011
1987.60000,-3.17000,-50.92000,0.00000,7.93404,-0.31019
1987.60000,-3.17000,-50.91000,0.00000,7.92443,-0.31027
1987.60000,-3.17000,-50.90000,0.00000,7.91481,-0.31036
1987.60000,-3.17000,-50.89000,0.00000,7.90519,-0.31044
1987.60000,-3.17000,-50.88000,0.00000,7.89557,-0.31052
1987.60000,-3.17000,-50.87000,0.00000,7.88595,-0.31060
1987.60000,-3.17000,-50.86000,0.00000,7.87632,-0.31068
1987.60000,-3.17000,-50.85000,0.00000,7.86669,-0.31077
1987.60000,-3.17000,-50.84000,0.00000,7.85705,-0.31085
1987.60000,-3.17000,-50.83000,0.00000,7.84741,-0.31093
1987.60000,-3.17000,-50.82000,0.00000,7.83777,-0.31101
1987.60000,-3.17000,-50.81000,0.00000,7.82813,-0.31109
1987.60000,-3.17000,-50.80000,0.00000,7.81848,-0.31117
1987.60000,-3.18000,-50.95000,0.00000,7.94533,-0.30996
1987.60000,-3.18000,-50.94000,0.00000,7.93572,-0.31005
1987.60000,-3.18000,-50.93000,0.00000,7.92612,-0.31013
1987.60000,-3.18000,-50.92000,0.00000,7.91651,-0.31021
1987.60000,-3.18000,-50.91000,0.00000,7.90690,-0.31029
1987.60000,-3.18000,-50.90000,0.00000,7.89728,-0.31037
1987.60000,-3.18000,-50.89000,0.00000,7.88767,-0.31046
1987.60000,-3.18000,-50.88000,0.00000,7.87804,-0.31054
1987.60000,-3.18000,-50.87000,0.00000,7.86842,-0.31062
1987.60000,-3.18000,-50.86000,0.00000,7.85879,-0.31070
1987.60000,-3.18000,-50.85000,0.00000,7.84916,-0.31078
1987.60000,-3.18000,-50.84000,0.00000,7.83952,-0.31087
1987.60000,-3.18000,-50.83000,0.00000,7.82988,-0.31095
1987.60000,-3.18000,-50.82000,0.00000,7.82024,-0.31103
1987.60000,-3.18000,-50.81000,0.00000,7.81059,-0.31111
1987.60000,-3.18000,-50.80000,0.00000,7.80094,-0.31119
1987.60000,-3.19000,-50.95000,0.00000,7.92780,-0.30998
1987.60000,-3.19000,-50.94000,0.00000,7.91820,-0.31006
1987.60000,-3.19000,-50.93000,0.00000,7.90859,-0.31015
1987.60000,-3.19000,-50.92000,0.00000,7.89898,-0.31023
1987.60000,-3.19000,-50.91000,0.00000,7.88937,-0.31031
1987.60000,-3.19000,-50.90000,0.00000,7.87976,-0.31039
1987.60000,-3.19000,-50.89000,0.00000,7.87014,-0.31047
1987.60000,-3.19000,-50.88000,0.00000,7.86052,-0.31056
1987.60000,-3.19000,-50.87000,0.00000,7.85089,-0.31064
1987.60000,-3.19000,-50.86000,0.00000,7.84126,-0.31072
1987.60000,-3.19000,-50.85000,0.00000,7.83163,-0.31080
1987.60000,-3.19000,-50.84000,0.00000,7.82199,-0.31088
1987.60000,-3.19000,-50.83000,0.00000,7.81235,-0.31096
1987.60000,-3.19000,-50.82000,0.00000,7.80271,-0.31105
1987.60000,-3.19000,-50.81000,0.00000,7.79306,-0.31113
1987.60000,-3.19000,-50.80000,0.00000,7.78341,-0.31121
1987.60000,-3.20000,-50.95000,0.00000,7.91027,-0.31000
1987.60000,-3.20000,-50.94000,0.00000,7.90067,-0.31008
1987.60000,-3.20000,-50.93000,0.00000,7.89107,-0.31016
1987.60000,-3.20000,-50.92000,0.00000,7.88146,-0.31025
1987.60000,-3.20000,-50.91000,0.00000,7.87184,-0.31033
1987.60000,-3.20000,-50.90000,0.00000,7.86223,-0.31041
1987.60000,-3.20000,-50.89000,0.00000,7.85261,-0.31049
1987.60000,-3.20000,-50.88000,0.00000,7.84299,-0.31057
1987.60000,-3.20000,-50.87000,0.00000,7.83336,-0.31066
1987.60000,-3.20000,-50.86000,0.00000,7.82373,-0.31074
1987.60000,-3.20000,-50.85000,0.00000,7.81410,-0.31082
1987.60000,-3.20000,-50.84000,0.00000,7.80446,-0.31090
1987.60000,-3.20000,-50.83000,0.00000,7.79482,-0.31098
1987.60000,-3.20000,-50.82000,0.00000,7.78518,-0.31106
1987.60000,-3.20000,-50.81000,0.00000,7.77553,-0.31115
1987.60000,-3.20000,-50.80000,0.00000,7.76588,-0.31123
1987.70000,-3.10000,-50.95000,0.00000,8.05455,-0.30982
1987.70000,-3.10000,-50.94000,0.00000,8.04495,-0.30990
1987.70000,-3.10000,-50.93000,0.00000,8.03534,-0.30998
1987.70000,-3.10000,-50.92000,0.00000,8.02572,-0.31007
1987.70000,-3.10000,-50.91000,0.00000,8.01611,-0.31015
1987.70000,-3.10000,-50.90000,0.00000,8.00649,-0.31023
1987.70000,-3.10000,-50.89000,0.00000,7.99687,-0.31031
1987.70000,-3.10000,-50.88000,0.00000,7.98724,-0.31039
1987.70000,-3.10000,-50.87000,0.00000,7.97761,-0.31048
1987.70000,-3.10000,-50.86000,0.00000,7.96798,-0.31056
1987.70000,-3.10000,-50.85000,0.00000,7.95834,-0.31064
1987.70000,-3.10000,-50.84000,0.00000,7.94870,-0.31072
1987.70000,-3.10000,-50.83000,0.00000,7.93905,-0.31080
1987.70000,-3.10000,-50.82000,0.00000,7.92941,-0.31088
1987.70000,-3.10000,-50.81000,0.00000,7.91976,-0.31097
1987.70000,-3.10000,-50.80000,0.00000,7.91010,-0.31105
1987.70000,-3.11000,-50.95000,0.00000,8.03703,-0.30984
1987.70000,-3.11000,-50.94000,0.00000,8.02743,-0.30992
1987.70000,-3.11000,-50.93000,0.00000,8.01782,-0.31000
1987.70000,-3.11000,-50.92000,0.00000,8.00820,-0.31008
1987.70000,-3.11000,-50.91000,0.00000,7.99859,-0.31017
1987.70000,-3.11000,-50.90000,0.00000,7.98897,-0.31025
1987.70000,-3.11000,-50.89000,0.00000,7.97934,-0.31033
1987.70000,-3.11000,-50.88000,0.00000,7.96972,-0.31041
1987.70000,-3.11000,-50.87000,0.00000,7.96008,-0.31049
1987.70000,-3.11000,-50.86000,0.00000,7.95045,-0.31058
1987.70000,-3.11000,-50.85000,0.00000,7.94081,-0.31066
1987.70000,-3.11000,-50.84000,0.00000,7.93117,-0.31074
1987.70000,-3.11000,-50.83000,0.00000,7.92153,-0.31082
1987.70000,-3.11000,-50.82000,0.00000,7.91188,-0.31090
1987.70000,-3.11000,-50.81000,0.00000,7.90223,-0.31098
1987.70000,-3.11000,-50.80000,0.00000,7.89258,-0.31107
1987.70000,-3.12000,-50.95000,0.00000,8.01951,-0.30986
1987.70000,-3.12000,-50.94000,0.00000,8.00990,-0.30994
1987.70000,-3.12000,-50.93000,0.00000,8.00029,-0.31002
1987.70000,-3.12000,-50.92000,0.00000,7.99068,-0.31010
1987.70000,-3.12000,-50.91000,0.00000,7.98106,-0.31018
1987.70000,-3.12000,-50.90000,0.00000,7.97144,-0.31027
1987.70000,-3.12000,-50.89000,0.00000,7.96182,-0.31035
1987.70000,-3.12000,-50.88000,0.00000,7.95219,-0.31043
1987.70000,-3.12000,-50.87000,0.00000,7.94256,-0.31051
1987.70000,-3.12000,-50.86000,0.00000,7.93293,-0.31059
1987.70000,-3.12000,-50.85000,0.00000,7.92329,-0.31068
1987.70000,-3.12000,-50.84000,0.00000,7.91365,-0.31076
1987.70000,-3.12000,-50.83000,0.00000,7.90400,-0.31084
1987.70000,-3.12000,-50.82000,0.00000,7.89435,-0.31092
1987.70000,-3.12000,-50.81000,0.00000,7.88470,-0.31100
1987.70000,-3.12000,-50.80000,0.00000,7.87505,-0.31108
1987.70000,-3.13000,-50.95000,0.00000,8.00199,-0.30987
1987.70000,-3.13000,-50.94000,0.00000,7.99238,-0.30996
1987.70000,-3.13000,-50.93000,0.00000,7.98277,-0.31004
1987.70000,-3.13000,-50.92000,0.00000,7.97316,-0.31012
1987.70000,-3.13000,-50.91000,0.00000,7.96354,-0.31020
1987.70000,-3.13000,-50.90000,0.00000,7.95392,-0.31028
1987.70000,-3.13000,-50.89000,0.00000,7.94429,-0.31037
1987.70000,-3.13000,-50.88000,0.00000,7.93467,-0.31045
1987.70000,-3.13000,-50.87000,0.00000,7.92503,-0.31053
1987.70000,-3.13000,-50.86000,0.00000,7.91540,-0.31061
1987.70000,-3.13000,-50.85000,0.00000,7.90576,-0.31069
1987.70000,-3.13000,-50.84000,0.00000,7.89612,-0.31078
1987.70000,-3.13000,-50.83000,0.00000,7.88647,-0.31086
1987.70000,-3.13000,-50.82000,0.00000,7.87683,-0.31094
1987.70000,-3.13000,-50.81000,0.00000,7.86717,-0.31102
1987.70000,-3.13000,-50.80000,0.00000,7.85752,-0.31110
1987.70000,-3.14000,-50.95000,0.00000,7.98447,-0.30989
1987.70000,-3.14000,-50.94000,0.00000,7.97486,-0.30997
1987.70000,-3.14000,-50.93000,0.00000,7.96525,-0.31006
1987.70000,-3.14000,-50.92000,0.00000,7.95563,-0.31014
1987.70000,-3.14000,-50.91000,0.00000,7.94601,-0.31022
1987.70000,-3.14000,-50.90000,0.00000,7.93639,-0.31030
1987.70000,-3.14000,-50.89000,0.00000,7.92677,-0.31038
1987.70000,-3.14000,-50.88000,0.00000,7.91714,-0.31047
1987.70000,-3.14000,-50.87000,0.00000,7.90751,-0.31055
1987.70000,-3.14000,-50.86000,0.00000,7.89787,-0.31063
1987.70000,-3.14000,-50.85000,0.00000,7.88823,-0.31071
1987.70000,-3.14000,-50.84000,0.00000,7.87859,-0.31079
1987.70000,-3.14000,-50.83000,0.00000,7.86895,-0.31088
1987.70000,-3.14000,-50.82000,0.00000,7.85930,-0.31096
1987.70000,-3.14000,-50.81000,0.00000,7.84964,-0.31104
1987.70000,-3.14000,-50.80000,0.00000,7.83999,-0.31112
1987.70000,-3.15000,-50.95000,0.00000,7.96694,-0.30991
1987.70000,-3.15000,-50.94000,0.00000,7.95733,-0.30999
1987.70000,-3.15000,-50.93000,0.00000,7.94772,-0.31007
1987.70000,-3.15000,-50.92000,0.00000,7.93811,-0.31016
1987.70000,-3.15000,-50.91000,0.00000,7.92849,-0.31024
1987.70000,-3.15000,-50.90000,0.00000,7.91887,-0.31032
1987.70000,-3.15000,-50.89000,0.00000,7.90924,-0.31040
1987.70000,-3.15000,-50.88000,0.00000,7.89961,-0.31048
1987.70000,-3.15000,-50.87000,0.00000,7.88998,-0.31057
1987.70000,-3.15000,-50.86000,0.00000,7.88034,-0.31065
1987.70000,-3.15000,-50.85000,0.00000,7.87070,-0.31073
1987.70000,-3.15000,-50.84000,0.00000,7.86106,-0.31081
1987.70000,-3.15000,-50.83000,0.00000,7.85142,-0.31089
1987.70000,-3.15000,-50.82000,0.00000,7.84177,-0.31097
1987.70000,-3.15000,-50.81000,0.00000,7.83211,-0.31106
1987.70000,-3.15000,-50.80000,0.00000,7.82246,-0.31114
1987.70000,-3.16000,-50.95000,0.00000,7.94942,-0.30993
1987.70000,-3.16000,-50.94000,0.00000,7.93981,-0.31001
1987.70000,-3.16000,-50.93000,0.00000,7.93020,-0.31009
1987.70000,-3.16000,-50.92000,0.00000,7.92058,-0.31017
1987.70000,-3.16000,-50.91000,0.00000,7.91096,-0.31026
1987.70000,-3.16000,-50.90000,0.00000,7.90134,-0.31034
1987.70000,-3.16000,-50.89000,0.00000,7.89171,-0.31042
1987.70000,-3.16000,-50.88000,0.00000,7.88208,-0.31050
1987.70000,-3.16000,-50.87000,0.00000,7.87245,-0.31058
1987.70000,-3.16000,-50.86000,0.00000,7.86281,-0.31067
1987.70000,-3.16000,-50.85000,0.00000,7.85318,-0.31075
1987.70000,-3.16000,-50.84000,0.00000,7.84353,-0.31083
1987.70000,-3.16000,-50.83000,0.00000,7.83389,-0.31091
1987.70000,-3.16000,-50.82000,0.00000,7.82424,-0.31099
1987.70000,-3.16000,-50.81000,0.00000,7.81458,-0.31107
1987.70000,-3.16000,-50.80000,0.00000,7.80493,-0.31116
1987.70000,-3.17000,-50.95000,0.00000,7.93189,-0.30995
1987.70000,-3.17000,-50.94000,0.00000,7.92228,-0.31003
1987.70000,-3.17000,-50.93000,0.00000,7.91267,-0.31011
1987.70000,-3.17000,-50.92000,0.00000,7.90305,-0.31019
1987.70000,-3.17000,-50.91000,0.00000,7.89343,-0.31027
1987.70000,-3.17000,-50.90000,0.00000,7.88381,-0.31036
1987.70000,-3.17000,-50.89000,0.00000,7.87418,-0.31044
1987.70000,-3.17000,-50.88000,0.00000,7.86455,-0.31052
1987.70000,-3.17000,-50.87000,0.00000,7.85492,-0.31060
1987.70000,-3.17000,-50.86000,0.00000,7.84529,-0.31068
1987.70000,-3.17000,-50.85000,0.00000,7.83565,-0.31077
1987.70000,-3.17000,-50.84000,0.00000,7.82600,-0.31085
1987.70000,-3.17000,-50.83000,0.00000,7.81635,-0.31093
1987.70000,-3.17000,-50.82000,0.00000,7.80670,-0.31101
1987.70000,-3.17000,-50.81000,0.00000,7.79705,-0.31109
1987.70000,-3.17000,-50.80000,0.00000,7.78739,-0.31117
1987.70000,-3.18000,-50.95000,0.00000,7.91436,-0.30996
1987.70000,-3.18000,-50.94000,0.00000,7.90475,-0.31005
1987.70000,-3.18000,-50.93000,0.00000,7.89514,-0.31013
1987.70000,-3.18000,-50.92000,0.00000,7.88553,-0.31021
1987.70000,-3.18000,-50.91000,0.00000,7.87591,-0.31029
1987.70000,-3.18000,-50.90000,0.00000,7.86628,-0.31037
1987.70000,-3.18000,-50.89000,0.00000,7.85666,-0.31046
1987.70000,-3.18000,-50.88000,0.00000,7.84703,-0.31054
1987.70000,-3.18000,-50.87000,0.00000,7.83739,-0.31062
1987.70000,-3.18000,-50.86000,0.00000,7.82775,-0.31070
1987.70000,-3.18000,-50.85000,0.00000,7.81811,-0.31078
1987.70000,-3.18000,-50.84000,0.00000,7.80847,-0.31087
1987.70000,-3.18000,-50.83000,0.00000,7.79882,-0.31095
1987.70000,-3.18000,-50.82000,0.00000,7.78917,-0.31103
1987.70000,-3.18000,-50.81000,0.00000,7.77952,-0.31111
1987.70000,-3.18000,-50.80000,0.00000,7.76986,-0.31119
1987.70000,-3.19000,-50.95000,0.00000,7.89684,-0.30998
1987.70000,-3.19000,-50.94000,0.00000,7.88723,-0.31006
1987.70000,-3.19000,-50.93000,0.00000,7.87761,-0.31015
1987.70000,-3.19000,-50.92000,0.00000,7.86800,-0.31023
1987.70000,-3.19000,-50.91000,0.00000,7.85838,-0.31031
1987.70000,-3.19000,-50.90000,0.00000,7.84875,-0.31039
1987.70000,-3.19000,-50.89000,0.00000,7.83913,-0.31047
1987.70000,-3.19000,-50.88000,0.00000,7.82949,-0.31056
1987.70000,-3.19000,-50.87000,0.00000,7.81986,-0.31064
1987.70000,-3.19000,-50.86000,0.00000,7.81022,-0.31072
1987.70000,-3.19000,-50.85000,0.00000,7.80058,-0.31080
1987.70000,-3.19000,-50.84000,0.00000,7.79094,-0.31088
1987.70000,-3.19000,-50.83000,0.00000,7.78129,-0.31096
1987.70000,-3.19000,-50.82000,0.00000,7.77164,-0.31105
1987.70000,-3.19000,-50.81000,0.00000,7.76198,-0.31113
1987.70000,-3.19000,-50.80000,0.00000,7.75233,-0.31121
1987.70000,-3.20000,-50.95000,0.00000,7.87931,-0.31000
1987.70000,-3.20000,-50.94000,0.00000,7.86970,-0.31008
1987.70000,-3.20000,-50.93000,0.00000,7.86008,-0.31016
1987.70000,-3.20000,-50.92000,0.00000,7.85047,-0.31025
1987.70000,-3.20000,-50.91000,0.00000,7.84085,-0.31033
1987.70000,-3.20000,-50.90000,0.00000,7.83122,-0.31041
1987.70000,-3.20000,-50.89000,0.00000,7.82159,-0.31049
1987.70000,-3.20000,-50.88000,0.00000,7.81196,-0.31057
1987.70000,-3.20000,-50.87000,0.00000,7.80233,-0.31066
1987.70000,-3.20000,-50.86000,0.00000,7.79269,-0.31074
1987.70000,-3.20000,-50.85000,0.00000,7.78305,-0.31082
1987.70000,-3.20000,-50.84000,0.00000,7.77340,-0.31090
1987.70000,-3.20000,-50.83000,0.00000,7.76376,-0.31098
1987.70000,-3.20000,-50.82000,0.00000,7.75410,-0.31106
1987.70000,-3.20000,-50.81000,0.00000,7.74445,-0.31115
1987.70000,-3.20000,-50.80000,0.00000,7.73479,-0.31123
1987.80000,-3.10000,-50.95000,0.00000,8.02359,-0.30982
1987.80000,-3.10000,-50.94000,0.00000,8.01398,-0.30990
1987.80000,-3.10000,-50.93000,0.00000,8.00436,-0.30998
1987.80000,-3.10000,-50.92000,0.00000,7.99474,-0.31007
1987.80000,-3.10000,-50.91000,0.00000,7.98511,-0.31015
1987.80000,-3.10000,-50.90000,0.00000,7.97549,-0.31023
1987.80000,-3.10000,-50.89000,0.00000,7.96586,-0.31031
1987.80000,-3.10000,-50.88000,0.00000,7.95622,-0.31039
1987.80000,-3.10000,-50.87000,0.00000,7.94658,-0.31048
1987.80000,-3.10000,-50.86000,0.00000,7.93694,-0.31056
1987.80000,-3.10000,-50.85000,0.00000,7.92730,-0.31064
1987.80000,-3.10000,-50.84000,0.00000,7.91765,-0.31072
1987.80000,-3.10000,-50.83000,0.00000,7.90800,-0.31080
1987.80000,-3.10000,-50.82000,0.00000,7.89834,-0.31088
1987.80000,-3.10000,-50.81000,0.00000,7.88868,-0.31097
1987.80000,-3.10000,-50.80000,0.00000,7.87902,-0.31105
1987.80000,-3.11000,-50.95000,0.00000,8.00607,-0.30984
1987.80000,-3.11000,-50.94000,0.00000,7.99646,-0.30992
1987.80000,-3.11000,-50.93000,0.00000,7.98684,-0.31000
1987.80000,-3.11000,-50.92000,0.00000,7.97722,-0.31008
1987.80000,-3.11000,-50.91000,0.00000,7.96759,-0.31017
1987.80000,-3.11000,-50.90000,0.00000,7.95796,-0.31025
1987.80000,-3.11000,-50.89000,0.00000,7.94833,-0.31033
1987.80000,-3.11000,-50.88000,0.00000,7.93870,-0.31041
1987.80000,-3.11000,-50.87000,0.00000,7.92906,-0.31049
1987.80000,-3.11000,-50.86000,0.00000,7.91941,-0.31058
1987.80000,-3.11000,-50.85000,0.00000,7.90977,-0.31066
1987.80000,-3.11000,-50.84000,0.00000,7.90012,-0.31074
1987.80000,-3.11000,-50.83000,0.00000,7.89047,-0.31082
1987.80000,-3.11000,-50.82000,0.00000,7.88081,-0.31090
1987.80000,-3.11000,-50.81000,0.00000,7.87115,-0.31098
1987.80000,-3.11000,-50.80000,0.00000,7.86149,-0.31107
1987.80000,-3.12000,-50.95000,0.00000,7.98855,-0.30986
1987.80000,-3.12000,-50.94000,0.00000,7.97893,-0.30994
1987.80000,-3.12000,-50.93000,0.00000,7.96931,-0.31002
1987.80000,-3.12000,-50.92000,0.00000,7.95969,-0.31010
1987.80000,-3.12000,-50.91000,0.00000,7.95007,-0.31018
1987.80000,-3.12000,-50.90000,0.00000,7.94044,-0.31027
1987.80000,-3.12000,-50.89000,0.00000,7.93080,-0.31035
1987.80000,-3.12000,-50.88000,0.00000,7.92117,-0.31043
1987.80000,-3.12000,-50.87000,0.00000,7.91153,-0.31051
1987.80000,-3.12000,-50.86000,0.00000,7.90189,-0.31059
1987.80000,-3.12000,-50.85000,0.00000,7.89224,-0.31068
1987.80000,-3.12000,-50.84000,0.00000,7.88259,-0.31076
1987.80000,-3.12000,-50.83000,0.00000,7.87294,-0.31084
1987.80000,-3.12000,-50.82000,0.00000,7.86328,-0.31092
1987.80000,-3.12000,-50.81000,0.00000,7.85362,-0.31100
1987.80000,-3.12000,-50.80000,0.00000,7.84396,-0.31108
1987.80000,-3.13000,-50.95000,0.00000,7.97102,-0.30987
1987.80000,-3.13000,-50.94000,0.00000,7.96141,-0.30996
1987.80000,-3.13000,-50.93000,0.00000,7.95179,-0.31004
1987.80000,-3.13000,-50.92000,0.00000,7.94217,-0.31012
1987.80000,-3.13000,-50.91000,0.00000,7.93254,-0.31020
1987.80000,-3.13000,-50.90000,0.00000,7.92291,-0.31028
1987.80000,-3.13000,-50.89000,0.00000,7.91328,-0.31037
1987.80000,-3.13000,-50.88000,0.00000,7.90364,-0.31045
1987.80000,-3.13000,-50.87000,0.00000,7.89400,-0.31053
1987.80000,-3.13000,-50.86000,0.00000,7.88436,-0.31061
1987.80000,-3.13000,-50.85000,0.00000,7.87471,-0.31069
1987.80000,-3.13000,-50.84000,0.00000,7.86506,-0.31078
1987.80000,-3.13000,-50.83000,0.00000,7.85541,-0.31086
1987.80000,-3.13000,-50.82000,0.00000,7.84575,-0.31094
1987.80000,-3.13000,-50.81000,0.00000,7.83609,-0.31102
1987.80000,-3.13000,-50.80000,0.00000,7.82643,-0.31110
1987.80000,-3.14000,-50.95000,0.00000,7.95350,-0.30989
1987.80000,-3.14000,-50.94000,0.00000,7.94388,-0.30997
1987.80000,-3.14000,-50.93000,0.00000,7.93426,-0.31006
1987.80000,-3.14000,-50.92000,0.00000,7.92464,-0.31014
1987.80000,-3.14000,-50.91000,0.00000,7.91501,-0.31022
1987.80000,-3.14000,-50.90000,0.00000,7.90538,-0.31030
1987.80000,-3.14000,-50.89000,0.00000,7.89575,-0.31038
1987.80000,-3.14000,-50.88000,0.00000,7.88611,-0.31047
1987.80000,-3.14000,-50.87000,0.00000,7.87647,-0.31055
1987.80000,-3.14000,-50.86000,0.00000,7.86683,-0.31063
1987.80000,-3.14000,-50.85000,0.00000,7.85718,-0.31071
1987.80000,-3.14000,-50.84000,0.00000,7.84753,-0.31079
1987.80000,-3.14000,-50.83000,0.00000,7.83788,-0.31088
1987.80000,-3.14000,-50.82000,0.00000,7.82822,-0.31096
1987.80000,-3.14000,-50.81000,0.00000,7.81856,-0.31104
1987.80000,-3.14000,-50.80000,0.00000,7.80890,-0.31112
1987.80000,-3.15000,-50.95000,0.00000,7.93597,-0.30991
1987.80000,-3.15000,-50.94000,0.00000,7.92636,-0.30999
1987.80000,-3.15000,-50.93000,0.00000,7.91674,-0.31007
1987.80000,-3.15000,-50.92000,0.00000,7.90711,-0.31016
1987.80000,-3.15000,-50.91000,0.00000,7.89749,-0.31024
1987.80000,-3.15000,-50.90000,0.00000,7.88786,-0.31032
1987.80000,-3.15000,-50.89000,0.00000,7.87822,-0.31040
1987.80000,-3.15000,-50.88000,0.00000,7.86858,-0.31048
1987.80000,-3.15000,-50.87000,0.00000,7.85894,-0.31057
1987.80000,-3.15000,-50.86000,0.00000,7.84930,-0.31065
1987.80000,-3.15000,-50.85000,0.00000,7.83965,-0.31073
1987.80000,-3.15000,-50.84000,0.00000,7.83000,-0.31081
1987.80000,-3.15000,-50.83000,0.00000,7.82035,-0.31089
1987.80000,-3.15000,-50.82000,0.00000,7.81069,-0.31097
1987.80000,-3.15000,-50.81000,0.00000,7.80103,-0.31106
1987.80000,-3.15000,-50.80000,0.00000,7.79137,-0.31114
1987.80000,-3.16000,-50.95000,0.00000,7.91845,-0.30993
1987.80000,-3.16000,-50.94000,0.00000,7.90883,-0.31001
1987.80000,-3.16000,-50.93000,0.00000,7.89921,-0.31009
1987.80000,-3.16000,-50.92000,0.00000,7.88958,-0.31017
1987.80000,-3.16000,-50.91000,0.00000,7.87996,-0.31026
1987.80000,-3.16000,-50.90000,0.00000,7.87033,-0.31034
1987.80000,-3.16000,-50.89000,0.00000,7.86069,-0.31042
1987.80000,-3.16000,-50.88000,0.00000,7.85105,-0.31050
1987.80000,-3.16000,-50.87000,0.00000,7.84141,-0.31058
1987.80000,-3.16000,-50.86000,0.00000,7.83177,-0.31067
1987.80000,-3.16000,-50.85000,0.00000,7.82212,-0.31075
1987.80000,-3.16000,-50.84000,0.00000,7.81247,-0.31083
1987.80000,-3.16000,-50.83000,0.00000,7.80282,-0.31091
1987.80000,-3.16000,-50.82000,0.00000,7.79316,-0.31099
1987.80000,-3.16000,-50.81000,0.00000,7.78350,-0.31107
1987.80000,-3.16000,-50.80000,0.00000,7.77383,-0.31116
1987.80000,-3.17000,-50.95000,0.00000,7.90092,-0.30995
1987.80000,-3.17000,-50.94000,0.00000,7.89130,-0.31003
1987.80000,-3.17000,-50.93000,0.00000,7.88168,-0.31011
1987.80000,-3.17000,-50.92000,0.00000,7.87206,-0.31019
1987.80000,-3.17000,-50.91000,0.00000,7.86243,-0.31027
1987.80000,-3.17000,-50.90000,0.00000,7.85280,-0.31036
1987.80000,-3.17000,-50.89000,0.00000,7.84316,-0.31044
1987.80000,-3.17000,-50.88000,0.00000,7.83352,-0.31052
1987.80000,-3.17000,-50.87000,0.00000,7.82388,-0.31060
1987.80000,-3.17000,-50.86000,0.00000,7.81424,-0.31068
1987.80000,-3.17000,-50.85000,0.00000,7.80459,-0.31077
1987.80000,-3.17000,-50.84000,0.00000,7.79494,-0.31085
1987.80000,-3.17000,-50.83000,0.00000,7.78528,-0.31093
1987.80000,-3.17000,-50.82000,0.00000,7.77562,-0.31101
1987.80000,-3.17000,-50.81000,0.00000,7.76596,-0.31109
1987.80000,-3.17000,-50.80000,0.00000,7.75630,-0.31117
1987.80000,-3.18000,-50.95000,0.00000,7.88339,-0.30996
1987.80000,-3.18000,-50.94000,0.00000,7.87377,-0.31005
1987.80000,-3.18000,-50.93000,0.00000,7.86415,-0.31013
1987.80000,-3.18000,-50.92000,0.00000,7.85453,-0.31021
1987.80000,-3.18000,-50.91000,0.00000,7.84490,-0.31029
1987.80000,-3.18000,-50.90000,0.00000,7.83527,-0.31037
1987.80000,-3.18000,-50.89000,0.00000,7.82563,-0.31046
1987.80000,-3.18000,-50.88000,0.00000,7.81599,-0.31054
1987.80000,-3.18000,-50.87000,0.00000,7.80635,-0.31062
1987.80000,-3.18000,-50.86000,0.00000,7.79671,-0.31070
1987.80000,-3.18000,-50.85000,0.00000,7.78706,-0.31078
1987.80000,-3.18000,-50.84000,0.00000,7.77740,-0.31087
1987.80000,-3.18000,-50.83000,0.00000,7.76775,-0.31095
1987.80000,-3.18000,-50.82000,0.00000,7.75809,-0.31103
1987.80000,-3.18000,-50.81000,0.00000,7.74843,-0.31111
1987.80000,-3.18000,-50.80000,0.00000,7.73876,-0.31119
1987.80000,-3.19000,-50.95000,0.00000,7.86586,-0.30998
1987.80000,-3.19000,-50.94000,0.00000,7.85624,-0.31006
1987.80000,-3.19000,-50.93000,0.00000,7.84662,-0.31015
1987.80000,-3.19000,-50.92000,0.00000,7.83699,-0.31023
1987.80000,-3.19000,-50.91000,0.00000,7.82737,-0.31031
1987.80000,-3.19000,-50.90000,0.00000,7.81773,-0.31039
1987.80000,-3.19000,-50.89000,0.00000,7.80810,-0.31047
1987.80000,-3.19000,-50.88000,0.00000,7.79846,-0.31056
1987.80000,-3.19000,-50.87000,0.00000,7.78882,-0.31064
1987.80000,-3.19000,-50.86000,0.00000,7.77917,-0.31072
1987.80000,-3.19000,-50.85000,0.00000,7.76952,-0.31080
1987.80000,-3.19000,-50.84000,0.00000,7.75987,-0.31088
1987.80000,-3.19000,-50.83000,0.00000,7.75021,-0.31096
1987.80000,-3.19000,-50.82000,0.00000,7.74056,-0.31105
1987.80000,-3.19000,-50.81000,0.00000,7.73089,-0.31113
1987.80000,-3.19000,-50.80000,0.00000,7.72123,-0.31121
1987.80000,-3.20000,-50.95000,0.00000,7.84833,-0.31000
1987.80000,-3.20000,-50.94000,0.00000,7.83871,-0.31008
1987.80000,-3.20000,-50.93000,0.00000,7.82909,-0.31016
1987.80000,-3.20000,-50.92000,0.00000,7.81946,-0.31025
1987.80000,-3.20000,-50.91000,0.00000,7.80983,-0.31033
1987.80000,-3.20000,-50.90000,0.00000,7.80020,-0.31041
1987.80000,-3.20000,-50.89000,0.00000,7.79057,-0.31049
1987.80000,-3.20000,-50.88000,0.00000,7.78093,-0.31057
1987.80000,-3.20000,-50.87000,0.00000,7.77128,-0.31066
1987.80000,-3.20000,-50.86000,0.00000,7.76164,-0.31074
1987.80000,-3.20000,-50.85000,0.00000,7.75199,-0.31082
1987.80000,-3.20000,-50.84000,0.00000,7.74234,-0.31090
1987.80000,-3.20000,-50.83000,0.00000,7.73268,-0.31098
1987.80000,-3.20000,-50.82000,0.00000,7.72302,-0.31106
1987.80000,-3.20000,-50.81000,0.00000,7.71336,-0.31115
1987.80000,-3.20000,-50.80000,0.00000,7.70369,-0.31123
1987.90000,-3.10000,-50.95000,0.00000,7.99262,-0.30982
1987.90000,-3.10000,-50.94000,0.00000,7.98300,-0.30990
1987.90000,-3.10000,-50.93000,0.00000,7.97337,-0.30998
1987.90000,-3.10000,-50.92000,0.00000,7.96374,-0.31007
1987.90000,-3.10000,-50.91000,0.00000,7.95411,-0.31015
1987.90000,-3.10000,-50.90000,0.00000,7.94447,-0.31023
1987.90000,-3.10000,-50.89000,0.00000,7.93483,-0.31031
1987.90000,-3.10000,-50.88000,0.00000,7.92519,-0.31039
1987.90000,-3.10000,-50.87000,0.00000,7.91554,-0.31048
1987.90000,-3.10000,-50.86000,0.00000,7.90589,-0.31056
1987.90000,-3.10000,-50.85000,0.00000,7.89624,-0.31064
1987.90000,-3.10000,-50.84000,0.00000,7.88658,-0.31072
1987.90000,-3.10000,-50.83000,0.00000,7.87692,-0.31080
1987.90000,-3.10000,-50.82000,0.00000,7.86726,-0.31088
1987.90000,-3.10000,-50.81000,0.00000,7.85759,-0.31097
1987.90000,-3.10000,-50.80000,0.00000,7.84792,-0.31105
1987.90000,-3.11000,-50.95000,0.00000,7.97509,-0.30984
1987.90000,-3.11000,-50.94000,0.00000,7.96547,-0.30992
1987.90000,-3.11000,-50.93000,0.00000,7.95584,-0.31000
1987.90000,-3.11000,-50.92000,0.00000,7.94621,-0.31008
1987.90000,-3.11000,-50.91000,0.00000,7.93658,-0.31017
1987.90000,-3.11000,-50.90000,0.00000,7.92694,-0.31025
1987.90000,-3.11000,-50.89000,0.00000,7.91730,-0.31033
1987.90000,-3.11000,-50.88000,0.00000,7.90766,-0.31041
1987.90000,-3.11000,-50.87000,0.00000,7.89801,-0.31049
1987.90000,-3.11000,-50.86000,0.00000,7.88836,-0.31058
1987.90000,-3.11000,-50.85000,0.00000,7.87871,-0.31066
1987.90000,-3.11000,-50.84000,0.00000,7.86905,-0.31074
1987.90000,-3.11000,-50.83000,0.00000,7.85939,-0.31082
1987.90000,-3.11000,-50.82000,0.00000,7.84973,-0.31090
1987.90000,-3.11000,-50.81000,0.00000,7.84006,-0.31098
1987.90000,-3.11000,-50.80000,0.00000,7.83039,-0.31107
1987.90000,-3.12000,-50.95000,0.00000,7.95757,-0.30986
1987.90000,-3.12000,-50.94000,0.00000,7.94795,-0.30994
1987.90000,-3.12000,-50.93000,0.00000,7.93832,-0.31002
1987.90000,-3.12000,-50.92000,0.00000,7.92869,-0.31010
1987.90000,-3.12000,-50.91000,0.00000,7.91905,-0.31018
1987.90000,-3.12000,-50.90000,0.00000,7.90942,-0.31027
1987.90000,-3.12000,-50.89000,0.00000,7.89978,-0.31035
1987.90000,-3.12000,-50.88000,0.00000,7.89013,-0.31043
1987.90000,-3.12000,-50.87000,0.00000,7.88049,-0.31051
1987.90000,-3.12000,-50.86000,0.00000,7.87083,-0.31059
1987.90000,-3.12000,-50.85000,0.00000,7.86118,-0.31068
1987.90000,-3.12000,-50.84000,0.00000,7.85152,-0.31076
1987.90000,-3.12000,-50.83000,0.00000,7.84186,-0.31084
1987.90000,-3.12000,-50.82000,0.00000,7.83220,-0.31092
1987.90000,-3.12000,-50.81000,0.00000,7.82253,-0.31100
1987.90000,-3.12000,-50.80000,0.00000,7.81286,-0.31108
1987.90000,-3.13000,-50.95000,0.00000,7.94004,-0.30987
1987.90000,-3.13000,-50.94000,0.00000,7.93042,-0.30996
1987.90000,-3.13000,-50.93000,0.00000,7.92079,-0.31004
1987.90000,-3.13000,-50.92000,0.00000,7.91116,-0.31012
1987.90000,-3.13000,-50.91000,0.00000,7.90153,-0.31020
1987.90000,-3.13000,-50.90000,0.00000,7.89189,-0.31028
1987.90000,-3.13000,-50.89000,0.00000,7.88225,-0.31037
1987.90000,-3.13000,-50.88000,0.00000,7.87260,-0.31045
1987.90000,-3.13000,-50.87000,0.00000,7.86296,-0.31053
1987.90000,-3.13000,-50.86000,0.00000,7.85330,-0.31061
1987.90000,-3.13000,-50.85000,0.00000,7.84365,-0.31069
1987.90000,-3.13000,-50.84000,0.00000,7.83399,-0.31078
1987.90000,-3.13000,-50.83000,0.00000,7.82433,-0.31086
1987.90000,-3.13000,-50.82000,0.00000,7.81467,-0.31094
1987.90000,-3.13000,-50.81000,0.00000,7.80500,-0.31102
1987.90000,-3.13000,-50.80000,0.00000,7.79533,-0.31110
1987.90000,-3.14000,-50.95000,0.00000,7.92252,-0.30989
1987.90000,-3.14000,-50.94000,0.00000,7.91289,-0.30997
1987.90000,-3.14000,-50.93000,0.00000,7.90326,-0.31006
1987.90000,-3.14000,-50.92000,0.00000,7.89363,-0.31014
1987.90000,-3.14000,-50.91000,0.00000,7.88400,-0.31022
1987.90000,-3.14000,-50.90000,0.00000,7.87436,-0.31030
1987.90000,-3.14000,-50.89000,0.00000,7.86472,-0.31038
1987.90000,-3.14000,-50.88000,0.00000,7.85507,-0.31047
1987.90000,-3.14000,-50.87000,0.00000,7.84543,-0.31055
1987.90000,-3.14000,-50.86000,0.00000,7.83577,-0.31063
1987.90000,-3.14000,-50.85000,0.00000,7.82612,-0.31071
1987.90000,-3.14000,-50.84000,0.00000,7.81646,-0.31079
1987.90000,-3.14000,-50.83000,0.00000,7.80680,-0.31088
1987.90000,-3.14000,-50.82000,0.00000,7.79713,-0.31096
1987.90000,-3.14000,-50.81000,0.00000,7.78746,-0.31104
1987.90000,-3.14000,-50.80000,0.00000,7.77779,-0.31112
1987.90000,-3.15000,-50.95000,0.00000,7.90499,-0.30991
1987.90000,-3.15000,-50.94000,0.00000,7.89536,-0.30999
1987.90000,-3.15000,-50.93000,0.00000,7.88574,-0.31007
1987.90000,-3.15000,-50.92000,0.00000,7.87610,-0.31016
1987.90000,-3.15000,-50.91000,0.00000,7.86647,-0.31024
1987.90000,-3.15000,-50.90000,0.00000,7.85683,-0.31032
1987.90000,-3.15000,-50.89000,0.00000,7.84719,-0.31040
1987.90000,-3.15000,-50.88000,0.00000,7.83754,-0.31048
1987.90000,-3.15000,-50.87000,0.00000,7.82789,-0.31057
1987.90000,-3.15000,-50.86000,0.00000,7.81824,-0.31065
1987.90000,-3.15000,-50.85000,0.00000,7.80859,-0.31073
1987.90000,-3.15000,-50.84000,0.00000,7.79893,-0.31081
1987.90000,-3.15000,-50.83000,0.00000,7.78927,-0.31089
1987.90000,-3.15000,-50.82000,0.00000,7.77960,-0.31097
1987.90000,-3.15000,-50.81000,0.00000,7.76993,-0.31106
1987.90000,-3.15000,-50.80000,0.00000,7.76026,-0.31114
1987.90000,-3.16000,-50.95000,0.00000,7.88746,-0.30993
1987.90000,-3.16000,-50.94000,0.00000,7.87783,-0.31001
1987.90000,-3.16000,-50.93000,0.00000,7.86821,-0.31009
1987.90000,-3.16000,-50.92000,0.00000,7.85857,-0.31017
1987.90000,-3.16000,-50.91000,0.00000,7.84894,-0.31026
1987.90000,-3.16000,-50.90000,0.00000,7.83930,-0.31034
1987.90000,-3.16000,-50.89000,0.00000,7.82966,-0.31042
1987.90000,-3.16000,-50.88000,0.00000,7.82001,-0.31050
1987.90000,-3.16000,-50.87000,0.00000,7.81036,-0.31058
1987.90000,-3.16000,-50.86000,0.00000,7.80071,-0.31067
1987.90000,-3.16000,-50.85000,0.00000,7.79105,-0.31075
1987.90000,-3.16000,-50.84000,0.00000,7.78139,-0.31083
1987.90000,-3.16000,-50.83000,0.00000,7.77173,-0.31091
1987.90000,-3.16000,-50.82000,0.00000,7.76207,-0.31099
1987.90000,-3.16000,-50.81000,0.00000,7.75240,-0.31107
1987.90000,-3.16000,-50.80000,0.00000,7.74272,-0.31116
1987.90000,-3.17000,-50.95000,0.00000,7.86993,-0.30995
1987.90000,-3.17000,-50.94000,0.00000,7.86030,-0.31003
1987.90000,-3.17000,-50.93000,0.00000,7.85068,-0.31011
1987.90000,-3.17000,-50.92000,0.00000,7.84104,-0.31019
1987.90000,-3.17000,-50.91000,0.00000,7.83141,-0.31027
1987.90000,-3.17000,-50.90000,0.00000,7.82177,-0.31036
1987.90000,-3.17000,-50.89000,0.00000,7.81212,-0.31044
1987.90000,-3.17000,-50.88000,0.00000,7.80248,-0.31052
1987.90000,-3.17000,-50.87000,0.00000,7.79283,-0.31060
1987.90000,-3.17000,-50.86000,0.00000,7.78318,-0.31068
1987.90000,-3.17000,-50.85000,0.00000,7.77352,-0.31077
1987.90000,-3.17000,-50.84000,0.00000,7.76386,-0.31085
1987.90000,-3.17000,-50.83000,0.00000,7.75420,-0.31093
1987.90000,-3.17000,-50.82000,0.00000,7.74453,-0.31101
1987.90000,-3.17000,-50.81000,0.00000,7.73486,-0.31109
1987.90000,-3.17000,-50.80000,0.00000,7.72519,-0.31117
1987.90000,-3.18000,-50.95000,0.00000,7.85240,-0.30996
1987.90000,-3.18000,-50.94000,0.00000,7.84277,-0.31005
1987.90000,-3.18000,-50.93000,0.00000,7.83314,-0.31013
1987.90000,-3.18000,-50.92000,0.00000,7.82351,-0.31021
1987.90000,-3.18000,-50.91000,0.00000,7.81387,-0.31029
1987.90000,-3.18000,-50.90000,0.00000,7.80424,-0.31037
1987.90000,-3.18000,-50.89000,0.00000,7.79459,-0.31046
1987.90000,-3.18000,-50.88000,0.00000,7.78495,-0.31054
1987.90000,-3.18000,-50.87000,0.00000,7.77530,-0.31062
1987.90000,-3.18000,-50.86000,0.00000,7.76564,-0.31070
1987.90000,-3.18000,-50.85000,0.00000,7.75599,-0.31078
1987.90000,-3.18000,-50.84000,0.00000,7.74632,-0.31087
1987.90000,-3.18000,-50.83000,0.00000,7.73666,-0.31095
1987.90000,-3.18000,-50.82000,0.00000,7.72699,-0.31103
1987.90000,-3.18000,-50.81000,0.00000,7.71732,-0.31111
1987.90000,-3.18000,-50.80000,0.00000,7.70765,-0.31119
1987.90000,-3.19000,-50.95000,0.00000,7.83487,-0.30998
1987.90000,-3.19000,-50.94000,0.00000,7.82524,-0.31006
1987.90000,-3.19000,-50.93000,0.00000,7.81561,-0.31015
1987.90000,-3.19000,-50.92000,0.00000,7.80598,-0.31023
1987.90000,-3.19000,-50.91000,0.00000,7.79634,-0.31031
1987.90000,-3.19000,-50.90000,0.00000,7.78670,-0.31039
1987.90000,-3.19000,-50.89000,0.00000,7.77706,-0.31047
1987.90000,-3.19000,-50.88000,0.00000,7.76741,-0.31056
1987.90000,-3.19000,-50.87000,0.00000,7.75776,-0.31064
1987.90000,-3.19000,-50.86000,0.00000,7.74811,-0.31072
1987.90000,-3.19000,-50.85000,0.00000,7.73845,-0.31080
1987.90000,-3.19000,-50.84000,0.00000,7.72879,-0.31088
1987.90000,-3.19000,-50.83000,0.00000,7.71912,-0.31096
1987.90000,-3.19000,-50.82000,0.00000,7.70946,-0.31105
1987.90000,-3.19000,-50.81000,0.00000,7.69979,-0.31113
1987.90000,-3.19000,-50.80000,0.00000,7.69011,-0.31121
1987.90000,-3.20000,-50.95000,0.00000,7.81734,-0.31000
1987.90000,-3.20000,-50.94000,0.00000,7.80771,-0.31008
1987.90000,-3.20000,-50.93000,0.00000,7.79808,-0.31016
1987.90000,-3.20000,-50.92000,0.00000,7.78845,-0.31025
1987.90000,-3.20000,-50.91000,0.00000,7.77881,-0.31033
1987.90000,-3.20000,-50.90000,0.00000,7.76917,-0.31041
1987.90000,-3.20000,-50.89000,0.00000,7.75952,-0.31049
1987.90000,-3.20000,-50.88000,0.00000,7.74988,-0.31057
1987.90000,-3.20000,-50.87000,0.00000,7.74023,-0.31066
1987.90000,-3.20000,-50.86000,0.00000,7.73057,-0.31074
1987.90000,-3.20000,-50.85000,0.00000,7.72091,-0.31082
1987.90000,-3.20000,-50.84000,0.00000,7.71125,-0.31090
1987.90000,-3.20000,-50.83000,0.00000,7.70159,-0.31098
1987.90000,-3.20000,-50.82000,0.00000,7.69192,-0.31106
1987.90000,-3.20000,-50.81000,0.00000,7.68225,-0.31115
1987.90000,-3.20000,-50.80000,0.00000,7.67257,-0.31123
