1987.00000,-3.10000,-50.95000,0.00000,27330.4,-60.5
1987.00000,-3.10000,-50.94000,0.00000,27329.6,-60.5
1987.00000,-3.10000,-50.93000,0.00000,27328.7,-60.5
1987.00000,-3.10000,-50.92000,0.00000,27327.9,-60.5
1987.00000,-3.10000,-50.91000,0.00000,27327.1,-60.4
1987.00000,-3.10000,-50.90000,0.00000,27326.3,-60.4
1987.00000,-3.10000,-50.89000,0.00000,27325.4,-60.4
1987.00000,-3.10000,-50.88000,0.00000,27324.6,-60.4
1987.00000,-3.10000,-50.87000,0.00000,27323.8,-60.4
1987.00000,-3.10000,-50.86000,0.00000,27323.0,-60.4
1987.00000,-3.10000,-50.85000,0.00000,27322.2,-60.3
1987.00000,-3.10000,-50.84000,0.00000,27321.3,-60.3
1987.00000,-3.10000,-50.83000,0.00000,27320.5,-60.3
1987.00000,-3.10000,-50.82000,0.00000,27319.7,-60.3
1987.00000,-3.10000,-50.81000,0.00000,27318.9,-60.3
1987.00000,-3.10000,-50.80000,0.00000,27318.1,-60.2
1987.00000,-3.11000,-50.95000,0.00000,27326.9,-60.5
1987.00000,-3.11000,-50.94000,0.00000,27326.1,-60.5
1987.00000,-3.11000,-50.93000,0.00000,27325.3,-60.5
1987.00000,-3.11000,-50.92000,0.00000,27324.4,-60.4
1987.00000,-3.11000,-50.91000,0.00000,27323.6,-60.4
1987.00000,-3.11000,-50.90000,0.00000,27322.8,-60.4
1987.00000,-3.11000,-50.89000,0.00000,27322.0,-60.4
1987.00000,-3.11000,-50.88000,0.00000,27321.1,-60.4
1987.00000,-3.11000,-50.87000,0.00000,27320.3,-60.3
1987.00000,-3.11000,-50.86000,0.00000,27319.5,-60.3
1987.00000,-3.11000,-50.85000,0.00000,27318.7,-60.3
1987.00000,-3.11000,-50.84000,0.00000,27317.9,-60.3
1987.00000,-3.11000,-50.83000,0.00000,27317.0,-60.3
1987.00000,-3.11000,-50.82000,0.00000,27316.2,-60.3
1987.00000,-3.11000,-50.81000,0.00000,27315.4,-60.2
1987.00000,-3.11000,-50.80000,0.00000,27314.6,-60.2
1987.00000,-3.12000,-50.95000,0.00000,27323.4,-60.5
1987.00000,-3.12000,-50.94000,0.00000,27322.6,-60.4
1987.00000,-3.12000,-50.93000,0.00000,27321.8,-60.4
1987.00000,-3.12000,-50.92000,0.00000,27320.9,-60.4
1987.00000,-3.12000,-50.91000,0.00000,27320.1,-60.4
1987.00000,-3.12000,-50.90000,0.00000,27319.3,-60.4
1987.00000,-3.12000,-50.89000,0.00000,27318.5,-60.4
1987.00000,-3.12000,-50.88000,0.00000,27317.7,-60.3
1987.00000,-3.12000,-50.87000,0.00000,27316.8,-60.3
1987.00000,-3.12000,-50.86000,0.00000,27316.0,-60.3
1987.00000,-3.12000,-50.85000,0.00000,27315.2,-60.3
1987.00000,-3.12000,-50.84000,0.00000,27314.4,-60.3
1987.00000,-3.12000,-50.83000,0.00000,27313.6,-60.2
1987.00000,-3.12000,-50.82000,0.00000,27312.7,-60.2
1987.00000,-3.12000,-50.81000,0.00000,27311.9,-60.2
1987.00000,-3.12000,-50.80000,0.00000,27311.1,-60.2
1987.00000,-3.13000,-50.95000,0.00000,27319.9,-60.4
1987.00000,-3.13000,-50.94000,0.00000,27319.1,-60.4
1987.00000,-3.13000,-50.93000,0.00000,27318.3,-60.4
1987.00000,-3.13000,-50.92000,0.00000,27317.5,-60.4
1987.00000,-3.13000,-50.91000,0.00000,27316.6,-60.4
1987.00000,-3.13000,-50.90000,0.00000,27315.8,-60.3
1987.00000,-3.13000,-50.89000,0.00000,27315.0,-60.3
1987.00000,-3.13000,-50.88000,0.00000,27314.2,-60.3
1987.00000,-3.13000,-50.87000,0.00000,27313.4,-60.3
1987.00000,-3.13000,-50.86000,0.00000,27312.5,-60.3
1987.00000,-3.13000,-50.85000,0.00000,27311.7,-60.3
1987.00000,-3.13000,-50.84000,0.00000,27310.9,-60.2
1987.00000,-3.13000,-50.83000,0.00000,27310.1,-60.2
1987.00000,-3.13000,-50.82000,0.00000,27309.3,-60.2
1987.00000,-3.13000,-50.81000,0.00000,27308.4,-60.2
1987.00000,-3.13000,-50.80000,0.00000,27307.6,-60.2
1987.00000,-3.14000,-50.95000,0.00000,27316.4,-60.4
1987.00000,-3.14000,-50.94000,0.00000,27315.6,-60.4
1987.00000,-3.14000,-50.93000,0.00000,27314.8,-60.4
1987.00000,-3.14000,-50.92000,0.00000,27314.0,-60.4
1987.00000,-3.14000,-50.91000,0.00000,27313.2,-60.3
1987.00000,-3.14000,-50.90000,0.00000,27312.3,-60.3
1987.00000,-3.14000,-50.89000,0.00000,27311.5,-60.3
1987.00000,-3.14000,-50.88000,0.00000,27310.7,-60.3
1987.00000,-3.14000,-50.87000,0.00000,27309.9,-60.3
1987.00000,-3.14000,-50.86000,0.00000,27309.1,-60.2
1987.00000,-3.14000,-50.85000,0.00000,27308.2,-60.2
1987.00000,-3.14000,-50.84000,0.00000,27307.4,-60.2
1987.00000,-3.14000,-50.83000,0.00000,27306.6,-60.2
1987.00000,-3.14000,-50.82000,0.00000,27305.8,-60.2
1987.00000,-3.14000,-50.81000,0.00000,27305.0,-60.2
1987.00000,-3.14000,-50.80000,0.00000,27304.2,-60.1
1987.00000,-3.15000,-50.95000,0.00000,27313.0,-60.4
1987.00000,-3.15000,-50.94000,0.00000,27312.1,-60.4
1987.00000,-3.15000,-50.93000,0.00000,27311.3,-60.3
1987.00000,-3.15000,-50.92000,0.00000,27310.5,-60.3
1987.00000,-3.15000,-50.91000,0.00000,27309.7,-60.3
1987.00000,-3.15000,-50.90000,0.00000,27308.9,-60.3
1987.00000,-3.15000,-50.89000,0.00000,27308.0,-60.3
1987.00000,-3.15000,-50.88000,0.00000,27307.2,-60.3
1987.00000,-3.15000,-50.87000,0.00000,27306.4,-60.2
1987.00000,-3.15000,-50.86000,0.00000,27305.6,-60.2
1987.00000,-3.15000,-50.85000,0.00000,27304.8,-60.2
1987.00000,-3.15000,-50.84000,0.00000,27303.9,-60.2
1987.00000,-3.15000,-50.83000,0.00000,27303.1,-60.2
1987.00000,-3.15000,-50.82000,0.00000,27302.3,-60.1
1987.00000,-3.15000,-50.81000,0.00000,27301.5,-60.1
1987.00000,-3.15000,-50.80000,0.00000,27300.7,-60.1
1987.00000,-3.16000,-50.95000,0.00000,27309.5,-60.4
1987.00000,-3.16000,-50.94000,0.00000,27308.7,-60.3
1987.00000,-3.16000,-50.93000,0.00000,27307.8,-60.3
1987.00000,-3.16000,-50.92000,0.00000,27307.0,-60.3
1987.00000,-3.16000,-50.91000,0.00000,27306.2,-60.3
1987.00000,-3.16000,-50.90000,0.00000,27305.4,-60.3
1987.00000,-3.16000,-50.89000,0.00000,27304.6,-60.2
1987.00000,-3.16000,-50.88000,0.00000,27303.7,-60.2
1987.00000,-3.16000,-50.87000,0.00000,27302.9,-60.2
1987.00000,-3.16000,-50.86000,0.00000,27302.1,-60.2
1987.00000,-3.16000,-50.85000,0.00000,27301.3,-60.2
1987.00000,-3.16000,-50.84000,0.00000,27300.5,-60.2
1987.00000,-3.16000,-50.83000,0.00000,27299.7,-60.1
1987.00000,-3.16000,-50.82000,0.00000,27298.8,-60.1
1987.00000,-3.16000,-50.81000,0.00000,27298.0,-60.1
1987.00000,-3.16000,-50.80000,0.00000,27297.2,-60.1
1987.00000,-3.17000,-50.95000,0.00000,27306.0,-60.3
1987.00000,-3.17000,-50.94000,0.00000,27305.2,-60.3
1987.00000,-3.17000,-50.93000,0.00000,27304.4,-60.3
1987.00000,-3.17000,-50.92000,0.00000,27303.5,-60.3
1987.00000,-3.17000,-50.91000,0.00000,27302.7,-60.3
1987.00000,-3.17000,-50.90000,0.00000,27301.9,-60.2
1987.00000,-3.17000,-50.89000,0.00000,27301.1,-60.2
1987.00000,-3.17000,-50.88000,0.00000,27300.3,-60.2
1987.00000,-3.17000,-50.87000,0.00000,27299.4,-60.2
1987.00000,-3.17000,-50.86000,0.00000,27298.6,-60.2
1987.00000,-3.17000,-50.85000,0.00000,27297.8,-60.2
1987.00000,-3.17000,-50.84000,0.00000,27297.0,-60.1
1987.00000,-3.17000,-50.83000,0.00000,27296.2,-60.1
1987.00000,-3.17000,-50.82000,0.00000,27295.4,-60.1
1987.00000,-3.17000,-50.81000,0.00000,27294.6,-60.1
1987.00000,-3.17000,-50.80000,0.00000,27293.7,-60.1
1987.00000,-3.18000,-50.95000,0.00000,27302.5,-60.3
1987.00000,-3.18000,-50.94000,0.00000,27301.7,-60.3
1987.00000,-3.18000,-50.93000,0.00000,27300.9,-60.3
1987.00000,-3.18000,-50.92000,0.00000,27300.1,-60.3
1987.00000,-3.18000,-50.91000,0.00000,27299.2,-60.2
1987.00000,-3.18000,-50.90000,0.00000,27298.4,-60.2
1987.00000,-3.18000,-50.89000,0.00000,27297.6,-60.2
1987.00000,-3.18000,-50.88000,0.00000,27296.8,-60.2
1987.00000,-3.18000,-50.87000,0.00000,27296.0,-60.2
1987.00000,-3.18000,-50.86000,0.00000,27295.2,-60.1
1987.00000,-3.18000,-50.85000,0.00000,27294.3,-60.1
1987.00000,-3.18000,-50.84000,0.00000,27293.5,-60.1
1987.00000,-3.18000,-50.83000,0.00000,27292.7,-60.1
1987.00000,-3.18000,-50.82000,0.00000,27291.9,-60.1
1987.00000,-3.18000,-50.81000,0.00000,27291.1,-60.1
1987.00000,-3.18000,-50.80000,0.00000,27290.3,-60.0
1987.00000,-3.19000,-50.95000,0.00000,27299.0,-60.3
1987.00000,-3.19000,-50.94000,0.00000,27298.2,-60.3
1987.00000,-3.19000,-50.93000,0.00000,27297.4,-60.2
1987.00000,-3.19000,-50.92000,0.00000,27296.6,-60.2
1987.00000,-3.19000,-50.91000,0.00000,27295.8,-60.2
1987.00000,-3.19000,-50.90000,0.00000,27295.0,-60.2
1987.00000,-3.19000,-50.89000,0.00000,27294.1,-60.2
1987.00000,-3.19000,-50.88000,0.00000,27293.3,-60.2
1987.00000,-3.19000,-50.87000,0.00000,27292.5,-60.1
1987.00000,-3.19000,-50.86000,0.00000,27291.7,-60.1
1987.00000,-3.19000,-50.85000,0.00000,27290.9,-60.1
1987.00000,-3.19000,-50.84000,0.00000,27290.1,-60.1
1987.00000,-3.19000,-50.83000,0.00000,27289.2,-60.1
1987.00000,-3.19000,-50.82000,0.00000,27288.4,-60.0
1987.00000,-3.19000,-50.81000,0.00000,27287.6,-60.0
1987.00000,-3.19000,-50.80000,0.00000,27286.8,-60.0
1987.00000,-3.20000,-50.95000,0.00000,27295.6,-60.3
1987.00000,-3.20000,-50.94000,0.00000,27294.8,-60.2
1987.00000,-3.20000,-50.93000,0.00000,27293.9,-60.2
1987.00000,-3.20000,-50.92000,0.00000,27293.1,-60.2
1987.00000,-3.20000,-50.91000,0.00000,27292.3,-60.2
1987.00000,-3.20000,-50.90000,0.00000,27291.5,-60.2
1987.00000,-3.20000,-50.89000,0.00000,27290.7,-60.1
1987.00000,-3.20000,-50.88000,0.00000,27289.9,-60.1
1987.00000,-3.20000,-50.87000,0.00000,27289.0,-60.1
1987.00000,-3.20000,-50.86000,0.00000,27288.2,-60.1
1987.00000,-3.20000,-50.85000,0.00000,27287.4,-60.1
1987.00000,-3.20000,-50.84000,0.00000,27286.6,-60.1
1987.00000,-3.20000,-50.83000,0.00000,27285.8,-60.0
1987.00000,-3.20000,-50.82000,0.00000,27285.0,-60.0
1987.00000,-3.20000,-50.81000,0.00000,27284.2,-60.0
1987.00000,-3.20000,-50.80000,0.00000,27283.3,-60.0
1987.10000,-3.10000,-50.95000,0.00000,27324.3,-60.5
1987.10000,-3.10000,-50.94000,0.00000,27323.4,-60.5
1987.10000,-3.10000,-50.93000,0.00000,27322.6,-60.5
1987.10000,-3.10000,-50.92000,0.00000,27321.8,-60.5
1987.10000,-3.10000,-50.91000,0.00000,27321.0,-60.4
1987.10000,-3.10000,-50.90000,0.00000,27320.1,-60.4
1987.10000,-3.10000,-50.89000,0.00000,27319.3,-60.4
1987.10000,-3.10000,-50.88000,0.00000,27318.5,-60.4
1987.10000,-3.10000,-50.87000,0.00000,27317.7,-60.4
1987.10000,-3.10000,-50.86000,0.00000,27316.9,-60.4
1987.10000,-3.10000,-50.85000,0.00000,27316.0,-60.3
1987.10000,-3.10000,-50.84000,0.00000,27315.2,-60.3
1987.10000,-3.10000,-50.83000,0.00000,27314.4,-60.3
1987.10000,-3.10000,-50.82000,0.00000,27313.6,-60.3
1987.10000,-3.10000,-50.81000,0.00000,27312.8,-60.3
1987.10000,-3.10000,-50.80000,0.00000,27312.0,-60.2
1987.10000,-3.11000,-50.95000,0.00000,27320.8,-60.5
1987.10000,-3.11000,-50.94000,0.00000,27320.0,-60.5
1987.10000,-3.11000,-50.93000,0.00000,27319.1,-60.5
1987.10000,-3.11000,-50.92000,0.00000,27318.3,-60.4
1987.10000,-3.11000,-50.91000,0.00000,27317.5,-60.4
1987.10000,-3.11000,-50.90000,0.00000,27316.7,-60.4
1987.10000,-3.11000,-50.89000,0.00000,27315.8,-60.4
1987.10000,-3.11000,-50.88000,0.00000,27315.0,-60.4
1987.10000,-3.11000,-50.87000,0.00000,27314.2,-60.3
1987.10000,-3.11000,-50.86000,0.00000,27313.4,-60.3
1987.10000,-3.11000,-50.85000,0.00000,27312.6,-60.3
1987.10000,-3.11000,-50.84000,0.00000,27311.7,-60.3
1987.10000,-3.11000,-50.83000,0.00000,27310.9,-60.3
1987.10000,-3.11000,-50.82000,0.00000,27310.1,-60.3
1987.10000,-3.11000,-50.81000,0.00000,27309.3,-60.2
1987.10000,-3.11000,-50.80000,0.00000,27308.5,-60.2
1987.10000,-3.12000,-50.95000,0.00000,27317.3,-60.5
1987.10000,-3.12000,-50.94000,0.00000,27316.5,-60.4
1987.10000,-3.12000,-50.93000,0.00000,27315.6,-60.4
1987.10000,-3.12000,-50.92000,0.00000,27314.8,-60.4
1987.10000,-3.12000,-50.91000,0.00000,27314.0,-60.4
1987.10000,-3.12000,-50.90000,0.00000,27313.2,-60.4
1987.10000,-3.12000,-50.89000,0.00000,27312.4,-60.4
1987.10000,-3.12000,-50.88000,0.00000,27311.5,-60.3
1987.10000,-3.12000,-50.87000,0.00000,27310.7,-60.3
1987.10000,-3.12000,-50.86000,0.00000,27309.9,-60.3
1987.10000,-3.12000,-50.85000,0.00000,27309.1,-60.3
1987.10000,-3.12000,-50.84000,0.00000,27308.3,-60.3
1987.10000,-3.12000,-50.83000,0.00000,27307.5,-60.2
1987.10000,-3.12000,-50.82000,0.00000,27306.6,-60.2
1987.10000,-3.12000,-50.81000,0.00000,27305.8,-60.2
1987.10000,-3.12000,-50.80000,0.00000,27305.0,-60.2
1987.10000,-3.13000,-50.95000,0.00000,27313.8,-60.4
1987.10000,-3.13000,-50.94000,0.00000,27313.0,-60.4
1987.10000,-3.13000,-50.93000,0.00000,27312.2,-60.4
1987.10000,-3.13000,-50.92000,0.00000,27311.3,-60.4
1987.10000,-3.13000,-50.91000,0.00000,27310.5,-60.4
1987.10000,-3.13000,-50.90000,0.00000,27309.7,-60.3
1987.10000,-3.13000,-50.89000,0.00000,27308.9,-60.3
1987.10000,-3.13000,-50.88000,0.00000,27308.1,-60.3
1987.10000,-3.13000,-50.87000,0.00000,27307.2,-60.3
1987.10000,-3.13000,-50.86000,0.00000,27306.4,-60.3
1987.10000,-3.13000,-50.85000,0.00000,27305.6,-60.3
1987.10000,-3.13000,-50.84000,0.00000,27304.8,-60.2
1987.10000,-3.13000,-50.83000,0.00000,27304.0,-60.2
1987.10000,-3.13000,-50.82000,0.00000,27303.2,-60.2
1987.10000,-3.13000,-50.81000,0.00000,27302.4,-60.2
1987.10000,-3.13000,-50.80000,0.00000,27301.5,-60.2
1987.10000,-3.14000,-50.95000,0.00000,27310.3,-60.4
1987.10000,-3.14000,-50.94000,0.00000,27309.5,-60.4
1987.10000,-3.14000,-50.93000,0.00000,27308.7,-60.4
1987.10000,-3.14000,-50.92000,0.00000,27307.9,-60.4
1987.10000,-3.14000,-50.91000,0.00000,27307.0,-60.3
1987.10000,-3.14000,-50.90000,0.00000,27306.2,-60.3
1987.10000,-3.14000,-50.89000,0.00000,27305.4,-60.3
1987.10000,-3.14000,-50.88000,0.00000,27304.6,-60.3
1987.10000,-3.14000,-50.87000,0.00000,27303.8,-60.3
1987.10000,-3.14000,-50.86000,0.00000,27303.0,-60.2
1987.10000,-3.14000,-50.85000,0.00000,27302.1,-60.2
1987.10000,-3.14000,-50.84000,0.00000,27301.3,-60.2
1987.10000,-3.14000,-50.83000,0.00000,27300.5,-60.2
1987.10000,-3.14000,-50.82000,0.00000,27299.7,-60.2
1987.10000,-3.14000,-50.81000,0.00000,27298.9,-60.2
1987.10000,-3.14000,-50.80000,0.00000,27298.1,-60.1
1987.10000,-3.15000,-50.95000,0.00000,27306.8,-60.4
1987.10000,-3.15000,-50.94000,0.00000,27306.0,-60.4
1987.10000,-3.15000,-50.93000,0.00000,27305.2,-60.3
1987.10000,-3.15000,-50.92000,0.00000,27304.4,-60.3
1987.10000,-3.15000,-50.91000,0.00000,27303.6,-60.3
1987.10000,-3.15000,-50.90000,0.00000,27302.8,-60.3
1987.10000,-3.15000,-50.89000,0.00000,27301.9,-60.3
1987.10000,-3.15000,-50.88000,0.00000,27301.1,-60.3
1987.10000,-3.15000,-50.87000,0.00000,27300.3,-60.2
1987.10000,-3.15000,-50.86000,0.00000,27299.5,-60.2
1987.10000,-3.15000,-50.85000,0.00000,27298.7,-60.2
1987.10000,-3.15000,-50.84000,0.00000,27297.9,-60.2
1987.10000,-3.15000,-50.83000,0.00000,27297.0,-60.2
1987.10000,-3.15000,-50.82000,0.00000,27296.2,-60.1
1987.10000,-3.15000,-50.81000,0.00000,27295.4,-60.1
1987.10000,-3.15000,-50.80000,0.00000,27294.6,-60.1
1987.10000,-3.16000,-50.95000,0.00000,27303.4,-60.4
1987.10000,-3.16000,-50.94000,0.00000,27302.6,-60.3
1987.10000,-3.16000,-50.93000,0.00000,27301.7,-60.3
1987.10000,-3.16000,-50.92000,0.00000,27300.9,-60.3
1987.10000,-3.16000,-50.91000,0.00000,27300.1,-60.3
1987.10000,-3.16000,-50.90000,0.00000,27299.3,-60.3
1987.10000,-3.16000,-50.89000,0.00000,27298.5,-60.2
1987.10000,-3.16000,-50.88000,0.00000,27297.6,-60.2
1987.10000,-3.16000,-50.87000,0.00000,27296.8,-60.2
1987.10000,-3.16000,-50.86000,0.00000,27296.0,-60.2
1987.10000,-3.16000,-50.85000,0.00000,27295.2,-60.2
1987.10000,-3.16000,-50.84000,0.00000,27294.4,-60.2
1987.10000,-3.16000,-50.83000,0.00000,27293.6,-60.1
1987.10000,-3.16000,-50.82000,0.00000,27292.8,-60.1
1987.10000,-3.16000,-50.81000,0.00000,27291.9,-60.1
1987.10000,-3.16000,-50.80000,0.00000,27291.1,-60.1
1987.10000,-3.17000,-50.95000,0.00000,27299.9,-60.3
1987.10000,-3.17000,-50.94000,0.00000,27299.1,-60.3
1987.10000,-3.17000,-50.93000,0.00000,27298.3,-60.3
1987.10000,-3.17000,-50.92000,0.00000,27297.4,-60.3
1987.10000,-3.17000,-50.91000,0.00000,27296.6,-60.3
1987.10000,-3.17000,-50.90000,0.00000,27295.8,-60.2
1987.10000,-3.17000,-50.89000,0.00000,27295.0,-60.2
1987.10000,-3.17000,-50.88000,0.00000,27294.2,-60.2
1987.10000,-3.17000,-50.87000,0.00000,27293.4,-60.2
1987.10000,-3.17000,-50.86000,0.00000,27292.5,-60.2
1987.10000,-3.17000,-50.85000,0.00000,27291.7,-60.2
1987.10000,-3.17000,-50.84000,0.00000,27290.9,-60.1
1987.10000,-3.17000,-50.83000,0.00000,27290.1,-60.1
1987.10000,-3.17000,-50.82000,0.00000,27289.3,-60.1
1987.10000,-3.17000,-50.81000,0.00000,27288.5,-60.1
1987.10000,-3.17000,-50.80000,0.00000,27287.7,-60.1
1987.10000,-3.18000,-50.95000,0.00000,27296.4,-60.3
1987.10000,-3.18000,-50.94000,0.00000,27295.6,-60.3
1987.10000,-3.18000,-50.93000,0.00000,27294.8,-60.3
1987.10000,-3.18000,-50.92000,0.00000,27294.0,-60.3
1987.10000,-3.18000,-50.91000,0.00000,27293.1,-60.2
1987.10000,-3.18000,-50.90000,0.00000,27292.3,-60.2
1987.10000,-3.18000,-50.89000,0.00000,27291.5,-60.2
1987.10000,-3.18000,-50.88000,0.00000,27290.7,-60.2
1987.10000,-3.18000,-50.87000,0.00000,27289.9,-60.2
1987.10000,-3.18000,-50.86000,0.00000,27289.1,-60.1
1987.10000,-3.18000,-50.85000,0.00000,27288.3,-60.1
1987.10000,-3.18000,-50.84000,0.00000,27287.4,-60.1
1987.10000,-3.18000,-50.83000,0.00000,27286.6,-60.1
1987.10000,-3.18000,-50.82000,0.00000,27285.8,-60.1
1987.10000,-3.18000,-50.81000,0.00000,27285.0,-60.1
1987.10000,-3.18000,-50.80000,0.00000,27284.2,-60.0
1987.10000,-3.19000,-50.95000,0.00000,27292.9,-60.3
1987.10000,-3.19000,-50.94000,0.00000,27292.1,-60.3
1987.10000,-3.19000,-50.93000,0.00000,27291.3,-60.2
1987.10000,-3.19000,-50.92000,0.00000,27290.5,-60.2
1987.10000,-3.19000,-50.91000,0.00000,27289.7,-60.2
1987.10000,-3.19000,-50.90000,0.00000,27288.9,-60.2
1987.10000,-3.19000,-50.89000,0.00000,27288.0,-60.2
1987.10000,-3.19000,-50.88000,0.00000,27287.2,-60.2
1987.10000,-3.19000,-50.87000,0.00000,27286.4,-60.1
1987.10000,-3.19000,-50.86000,0.00000,27285.6,-60.1
1987.10000,-3.19000,-50.85000,0.00000,27284.8,-60.1
1987.10000,-3.19000,-50.84000,0.00000,27284.0,-60.1
1987.10000,-3.19000,-50.83000,0.00000,27283.2,-60.1
1987.10000,-3.19000,-50.82000,0.00000,27282.4,-60.0
1987.10000,-3.19000,-50.81000,0.00000,27281.5,-60.0
1987.10000,-3.19000,-50.80000,0.00000,27280.7,-60.0
1987.10000,-3.20000,-50.95000,0.00000,27289.5,-60.3
1987.10000,-3.20000,-50.94000,0.00000,27288.7,-60.2
1987.10000,-3.20000,-50.93000,0.00000,27287.8,-60.2
1987.10000,-3.20000,-50.92000,0.00000,27287.0,-60.2
1987.10000,-3.20000,-50.91000,0.00000,27286.2,-60.2
1987.10000,-3.20000,-50.90000,0.00000,27285.4,-60.2
1987.10000,-3.20000,-50.89000,0.00000,27284.6,-60.1
1987.10000,-3.20000,-50.88000,0.00000,27283.8,-60.1
1987.10000,-3.20000,-50.87000,0.00000,27283.0,-60.1
1987.10000,-3.20000,-50.86000,0.00000,27282.1,-60.1
1987.10000,-3.20000,-50.85000,0.00000,27281.3,-60.1
1987.10000,-3.20000,-50.84000,0.00000,27280.5,-60.1
1987.10000,-3.20000,-50.83000,0.00000,27279.7,-60.0
1987.10000,-3.20000,-50.82000,0.00000,27278.9,-60.0
1987.10000,-3.20000,-50.81000,0.00000,27278.1,-60.0
1987.10000,-3.20000,-50.80000,0.00000,27277.3,-60.0
1987.20000,-3.10000,-50.95000,0.00000,27318.1,-60.5
1987.20000,-3.10000,-50.94000,0.00000,27317.3,-60.5
1987.20000,-3.10000,-50.93000,0.00000,27316.5,-60.5
1987.20000,-3.10000,-50.92000,0.00000,27315.7,-60.5
1987.20000,-3.10000,-50.91000,0.00000,27314.9,-60.4
1987.20000,-3.10000,-50.90000,0.00000,27314.0,-60.4
1987.20000,-3.10000,-50.89000,0.00000,27313.2,-60.4
1987.20000,-3.10000,-50.88000,0.00000,27312.4,-60.4
1987.20000,-3.10000,-50.87000,0.00000,27311.6,-60.4
1987.20000,-3.10000,-50.86000,0.00000,27310.8,-60.4
1987.20000,-3.10000,-50.85000,0.00000,27309.9,-60.3
1987.20000,-3.10000,-50.84000,0.00000,27309.1,-60.3
1987.20000,-3.10000,-50.83000,0.00000,27308.3,-60.3
1987.20000,-3.10000,-50.82000,0.00000,27307.5,-60.3
1987.20000,-3.10000,-50.81000,0.00000,27306.7,-60.3
1987.20000,-3.10000,-50.80000,0.00000,27305.9,-60.2
1987.20000,-3.11000,-50.95000,0.00000,27314.7,-60.5
1987.20000,-3.11000,-50.94000,0.00000,27313.8,-60.5
1987.20000,-3.11000,-50.93000,0.00000,27313.0,-60.5
1987.20000,-3.11000,-50.92000,0.00000,27312.2,-60.4
1987.20000,-3.11000,-50.91000,0.00000,27311.4,-60.4
1987.20000,-3.11000,-50.90000,0.00000,27310.6,-60.4
1987.20000,-3.11000,-50.89000,0.00000,27309.7,-60.4
1987.20000,-3.11000,-50.88000,0.00000,27308.9,-60.4
1987.20000,-3.11000,-50.87000,0.00000,27308.1,-60.3
1987.20000,-3.11000,-50.86000,0.00000,27307.3,-60.3
1987.20000,-3.11000,-50.85000,0.00000,27306.5,-60.3
1987.20000,-3.11000,-50.84000,0.00000,27305.7,-60.3
1987.20000,-3.11000,-50.83000,0.00000,27304.8,-60.3
1987.20000,-3.11000,-50.82000,0.00000,27304.0,-60.3
1987.20000,-3.11000,-50.81000,0.00000,27303.2,-60.2
1987.20000,-3.11000,-50.80000,0.00000,27302.4,-60.2
1987.20000,-3.12000,-50.95000,0.00000,27311.2,-60.5
1987.20000,-3.12000,-50.94000,0.00000,27310.4,-60.4
1987.20000,-3.12000,-50.93000,0.00000,27309.5,-60.4
1987.20000,-3.12000,-50.92000,0.00000,27308.7,-60.4
1987.20000,-3.12000,-50.91000,0.00000,27307.9,-60.4
1987.20000,-3.12000,-50.90000,0.00000,27307.1,-60.4
1987.20000,-3.12000,-50.89000,0.00000,27306.3,-60.4
1987.20000,-3.12000,-50.88000,0.00000,27305.4,-60.3
1987.20000,-3.12000,-50.87000,0.00000,27304.6,-60.3
1987.20000,-3.12000,-50.86000,0.00000,27303.8,-60.3
1987.20000,-3.12000,-50.85000,0.00000,27303.0,-60.3
1987.20000,-3.12000,-50.84000,0.00000,27302.2,-60.3
1987.20000,-3.12000,-50.83000,0.00000,27301.4,-60.2
1987.20000,-3.12000,-50.82000,0.00000,27300.6,-60.2
1987.20000,-3.12000,-50.81000,0.00000,27299.7,-60.2
1987.20000,-3.12000,-50.80000,0.00000,27298.9,-60.2
1987.20000,-3.13000,-50.95000,0.00000,27307.7,-60.4
1987.20000,-3.13000,-50.94000,0.00000,27306.9,-60.4
1987.20000,-3.13000,-50.93000,0.00000,27306.1,-60.4
1987.20000,-3.13000,-50.92000,0.00000,27305.2,-60.4
1987.20000,-3.13000,-50.91000,0.00000,27304.4,-60.4
1987.20000,-3.13000,-50.90000,0.00000,27303.6,-60.3
1987.20000,-3.13000,-50.89000,0.00000,27302.8,-60.3
1987.20000,-3.13000,-50.88000,0.00000,27302.0,-60.3
1987.20000,-3.13000,-50.87000,0.00000,27301.2,-60.3
1987.20000,-3.13000,-50.86000,0.00000,27300.3,-60.3
1987.20000,-3.13000,-50.85000,0.00000,27299.5,-60.3
1987.20000,-3.13000,-50.84000,0.00000,27298.7,-60.2
1987.20000,-3.13000,-50.83000,0.00000,27297.9,-60.2
1987.20000,-3.13000,-50.82000,0.00000,27297.1,-60.2
1987.20000,-3.13000,-50.81000,0.00000,27296.3,-60.2
1987.20000,-3.13000,-50.80000,0.00000,27295.5,-60.2
1987.20000,-3.14000,-50.95000,0.00000,27304.2,-60.4
1987.20000,-3.14000,-50.94000,0.00000,27303.4,-60.4
1987.20000,-3.14000,-50.93000,0.00000,27302.6,-60.4
1987.20000,-3.14000,-50.92000,0.00000,27301.8,-60.4
1987.20000,-3.14000,-50.91000,0.00000,27300.9,-60.3
1987.20000,-3.14000,-50.90000,0.00000,27300.1,-60.3
1987.20000,-3.14000,-50.89000,0.00000,27299.3,-60.3
1987.20000,-3.14000,-50.88000,0.00000,27298.5,-60.3
1987.20000,-3.14000,-50.87000,0.00000,27297.7,-60.3
1987.20000,-3.14000,-50.86000,0.00000,27296.9,-60.2
1987.20000,-3.14000,-50.85000,0.00000,27296.1,-60.2
1987.20000,-3.14000,-50.84000,0.00000,27295.2,-60.2
1987.20000,-3.14000,-50.83000,0.00000,27294.4,-60.2
1987.20000,-3.14000,-50.82000,0.00000,27293.6,-60.2
1987.20000,-3.14000,-50.81000,0.00000,27292.8,-60.2
1987.20000,-3.14000,-50.80000,0.00000,27292.0,-60.1
1987.20000,-3.15000,-50.95000,0.00000,27300.7,-60.4
1987.20000,-3.15000,-50.94000,0.00000,27299.9,-60.4
1987.20000,-3.15000,-50.93000,0.00000,27299.1,-60.3
1987.20000,-3.15000,-50.92000,0.00000,27298.3,-60.3
1987.20000,-3.15000,-50.91000,0.00000,27297.5,-60.3
1987.20000,-3.15000,-50.90000,0.00000,27296.7,-60.3
1987.20000,-3.15000,-50.89000,0.00000,27295.8,-60.3
1987.20000,-3.15000,-50.88000,0.00000,27295.0,-60.3
1987.20000,-3.15000,-50.87000,0.00000,27294.2,-60.2
1987.20000,-3.15000,-50.86000,0.00000,27293.4,-60.2
1987.20000,-3.15000,-50.85000,0.00000,27292.6,-60.2
1987.20000,-3.15000,-50.84000,0.00000,27291.8,-60.2
1987.20000,-3.15000,-50.83000,0.00000,27291.0,-60.2
1987.20000,-3.15000,-50.82000,0.00000,27290.1,-60.1
1987.20000,-3.15000,-50.81000,0.00000,27289.3,-60.1
1987.20000,-3.15000,-50.80000,0.00000,27288.5,-60.1
1987.20000,-3.16000,-50.95000,0.00000,27297.3,-60.4
1987.20000,-3.16000,-50.94000,0.00000,27296.5,-60.3
1987.20000,-3.16000,-50.93000,0.00000,27295.6,-60.3
1987.20000,-3.16000,-50.92000,0.00000,27294.8,-60.3
1987.20000,-3.16000,-50.91000,0.00000,27294.0,-60.3
1987.20000,-3.16000,-50.90000,0.00000,27293.2,-60.3
1987.20000,-3.16000,-50.89000,0.00000,27292.4,-60.2
1987.20000,-3.16000,-50.88000,0.00000,27291.6,-60.2
1987.20000,-3.16000,-50.87000,0.00000,27290.7,-60.2
1987.20000,-3.16000,-50.86000,0.00000,27289.9,-60.2
1987.20000,-3.16000,-50.85000,0.00000,27289.1,-60.2
1987.20000,-3.16000,-50.84000,0.00000,27288.3,-60.2
1987.20000,-3.16000,-50.83000,0.00000,27287.5,-60.1
1987.20000,-3.16000,-50.82000,0.00000,27286.7,-60.1
1987.20000,-3.16000,-50.81000,0.00000,27285.9,-60.1
1987.20000,-3.16000,-50.80000,0.00000,27285.1,-60.1
1987.20000,-3.17000,-50.95000,0.00000,27293.8,-60.3
1987.20000,-3.17000,-50.94000,0.00000,27293.0,-60.3
1987.20000,-3.17000,-50.93000,0.00000,27292.2,-60.3
1987.20000,-3.17000,-50.92000,0.00000,27291.3,-60.3
1987.20000,-3.17000,-50.91000,0.00000,27290.5,-60.3
1987.20000,-3.17000,-50.90000,0.00000,27289.7,-60.2
1987.20000,-3.17000,-50.89000,0.00000,27288.9,-60.2
1987.20000,-3.17000,-50.88000,0.00000,27288.1,-60.2
1987.20000,-3.17000,-50.87000,0.00000,27287.3,-60.2
1987.20000,-3.17000,-50.86000,0.00000,27286.5,-60.2
1987.20000,-3.17000,-50.85000,0.00000,27285.6,-60.2
1987.20000,-3.17000,-50.84000,0.00000,27284.8,-60.1
1987.20000,-3.17000,-50.83000,0.00000,27284.0,-60.1
1987.20000,-3.17000,-50.82000,0.00000,27283.2,-60.1
1987.20000,-3.17000,-50.81000,0.00000,27282.4,-60.1
1987.20000,-3.17000,-50.80000,0.00000,27281.6,-60.1
1987.20000,-3.18000,-50.95000,0.00000,27290.3,-60.3
1987.20000,-3.18000,-50.94000,0.00000,27289.5,-60.3
1987.20000,-3.18000,-50.93000,0.00000,27288.7,-60.3
1987.20000,-3.18000,-50.92000,0.00000,27287.9,-60.3
1987.20000,-3.18000,-50.91000,0.00000,27287.1,-60.2
1987.20000,-3.18000,-50.90000,0.00000,27286.2,-60.2
1987.20000,-3.18000,-50.89000,0.00000,27285.4,-60.2
1987.20000,-3.18000,-50.88000,0.00000,27284.6,-60.2
1987.20000,-3.18000,-50.87000,0.00000,27283.8,-60.2
1987.20000,-3.18000,-50.86000,0.00000,27283.0,-60.1
1987.20000,-3.18000,-50.85000,0.00000,27282.2,-60.1
1987.20000,-3.18000,-50.84000,0.00000,27281.4,-60.1
1987.20000,-3.18000,-50.83000,0.00000,27280.6,-60.1
1987.20000,-3.18000,-50.82000,0.00000,27279.7,-60.1
1987.20000,-3.18000,-50.81000,0.00000,27278.9,-60.1
1987.20000,-3.18000,-50.80000,0.00000,27278.1,-60.0
1987.20000,-3.19000,-50.95000,0.00000,27286.9,-60.3
1987.20000,-3.19000,-50.94000,0.00000,27286.0,-60.3
1987.20000,-3.19000,-50.93000,0.00000,27285.2,-60.2
1987.20000,-3.19000,-50.92000,0.00000,27284.4,-60.2
1987.20000,-3.19000,-50.91000,0.00000,27283.6,-60.2
1987.20000,-3.19000,-50.90000,0.00000,27282.8,-60.2
1987.20000,-3.19000,-50.89000,0.00000,27282.0,-60.2
1987.20000,-3.19000,-50.88000,0.00000,27281.2,-60.2
1987.20000,-3.19000,-50.87000,0.00000,27280.3,-60.1
1987.20000,-3.19000,-50.86000,0.00000,27279.5,-60.1
1987.20000,-3.19000,-50.85000,0.00000,27278.7,-60.1
1987.20000,-3.19000,-50.84000,0.00000,27277.9,-60.1
1987.20000,-3.19000,-50.83000,0.00000,27277.1,-60.1
1987.20000,-3.19000,-50.82000,0.00000,27276.3,-60.0
1987.20000,-3.19000,-50.81000,0.00000,27275.5,-60.0
1987.20000,-3.19000,-50.80000,0.00000,27274.7,-60.0
1987.20000,-3.20000,-50.95000,0.00000,27283.4,-60.3
1987.20000,-3.20000,-50.94000,0.00000,27282.6,-60.2
1987.20000,-3.20000,-50.93000,0.00000,27281.8,-60.2
1987.20000,-3.20000,-50.92000,0.00000,27280.9,-60.2
1987.20000,-3.20000,-50.91000,0.00000,27280.1,-60.2
1987.20000,-3.20000,-50.90000,0.00000,27279.3,-60.2
1987.20000,-3.20000,-50.89000,0.00000,27278.5,-60.1
1987.20000,-3.20000,-50.88000,0.00000,27277.7,-60.1
1987.20000,-3.20000,-50.87000,0.00000,27276.9,-60.1
1987.20000,-3.20000,-50.86000,0.00000,27276.1,-60.1
1987.20000,-3.20000,-50.85000,0.00000,27275.3,-60.1
1987.20000,-3.20000,-50.84000,0.00000,27274.4,-60.1
1987.20000,-3.20000,-50.83000,0.00000,27273.6,-60.0
1987.20000,-3.20000,-50.82000,0.00000,27272.8,-60.0
1987.20000,-3.20000,-50.81000,0.00000,27272.0,-60.0
1987.20000,-3.20000,-50.80000,0.00000,27271.2,-60.0
1987.30000,-3.10000,-50.95000,0.00000,27312.0,-60.5
1987.30000,-3.10000,-50.94000,0.00000,27311.2,-60.5
1987.30000,-3.10000,-50.93000,0.00000,27310.4,-60.5
1987.30000,-3.10000,-50.92000,0.00000,27309.6,-60.5
1987.30000,-3.10000,-50.91000,0.00000,27308.8,-60.4
1987.30000,-3.10000,-50.90000,0.00000,27307.9,-60.4
1987.30000,-3.10000,-50.89000,0.00000,27307.1,-60.4
1987.30000,-3.10000,-50.88000,0.00000,27306.3,-60.4
1987.30000,-3.10000,-50.87000,0.00000,27305.5,-60.4
1987.30000,-3.10000,-50.86000,0.00000,27304.7,-60.4
1987.30000,-3.10000,-50.85000,0.00000,27303.9,-60.3
1987.30000,-3.10000,-50.84000,0.00000,27303.0,-60.3
1987.30000,-3.10000,-50.83000,0.00000,27302.2,-60.3
1987.30000,-3.10000,-50.82000,0.00000,27301.4,-60.3
1987.30000,-3.10000,-50.81000,0.00000,27300.6,-60.3
1987.30000,-3.10000,-50.80000,0.00000,27299.8,-60.2
1987.30000,-3.11000,-50.95000,0.00000,27308.6,-60.5
1987.30000,-3.11000,-50.94000,0.00000,27307.7,-60.5
1987.30000,-3.11000,-50.93000,0.00000,27306.9,-60.5
1987.30000,-3.11000,-50.92000,0.00000,27306.1,-60.4
1987.30000,-3.11000,-50.91000,0.00000,27305.3,-60.4
1987.30000,-3.11000,-50.90000,0.00000,27304.5,-60.4
1987.30000,-3.11000,-50.89000,0.00000,27303.6,-60.4
1987.30000,-3.11000,-50.88000,0.00000,27302.8,-60.4
1987.30000,-3.11000,-50.87000,0.00000,27302.0,-60.3
1987.30000,-3.11000,-50.86000,0.00000,27301.2,-60.3
1987.30000,-3.11000,-50.85000,0.00000,27300.4,-60.3
1987.30000,-3.11000,-50.84000,0.00000,27299.6,-60.3
1987.30000,-3.11000,-50.83000,0.00000,27298.8,-60.3
1987.30000,-3.11000,-50.82000,0.00000,27297.9,-60.3
1987.30000,-3.11000,-50.81000,0.00000,27297.1,-60.2
1987.30000,-3.11000,-50.80000,0.00000,27296.3,-60.2
1987.30000,-3.12000,-50.95000,0.00000,27305.1,-60.5
1987.30000,-3.12000,-50.94000,0.00000,27304.3,-60.4
1987.30000,-3.12000,-50.93000,0.00000,27303.4,-60.4
1987.30000,-3.12000,-50.92000,0.00000,27302.6,-60.4
1987.30000,-3.12000,-50.91000,0.00000,27301.8,-60.4
1987.30000,-3.12000,-50.90000,0.00000,27301.0,-60.4
1987.30000,-3.12000,-50.89000,0.00000,27300.2,-60.4
1987.30000,-3.12000,-50.88000,0.00000,27299.4,-60.3
1987.30000,-3.12000,-50.87000,0.00000,27298.5,-60.3
1987.30000,-3.12000,-50.86000,0.00000,27297.7,-60.3
1987.30000,-3.12000,-50.85000,0.00000,27296.9,-60.3
1987.30000,-3.12000,-50.84000,0.00000,27296.1,-60.3
1987.30000,-3.12000,-50.83000,0.00000,27295.3,-60.2
1987.30000,-3.12000,-50.82000,0.00000,27294.5,-60.2
1987.30000,-3.12000,-50.81000,0.00000,27293.7,-60.2
1987.30000,-3.12000,-50.80000,0.00000,27292.8,-60.2
1987.30000,-3.13000,-50.95000,0.00000,27301.6,-60.4
1987.30000,-3.13000,-50.94000,0.00000,27300.8,-60.4
1987.30000,-3.13000,-50.93000,0.00000,27300.0,-60.4
1987.30000,-3.13000,-50.92000,0.00000,27299.1,-60.4
1987.30000,-3.13000,-50.91000,0.00000,27298.3,-60.4
1987.30000,-3.13000,-50.90000,0.00000,27297.5,-60.3
1987.30000,-3.13000,-50.89000,0.00000,27296.7,-60.3
1987.30000,-3.13000,-50.88000,0.00000,27295.9,-60.3
1987.30000,-3.13000,-50.87000,0.00000,27295.1,-60.3
1987.30000,-3.13000,-50.86000,0.00000,27294.3,-60.3
1987.30000,-3.13000,-50.85000,0.00000,27293.4,-60.3
1987.30000,-3.13000,-50.84000,0.00000,27292.6,-60.2
1987.30000,-3.13000,-50.83000,0.00000,27291.8,-60.2
1987.30000,-3.13000,-50.82000,0.00000,27291.0,-60.2
1987.30000,-3.13000,-50.81000,0.00000,27290.2,-60.2
1987.30000,-3.13000,-50.80000,0.00000,27289.4,-60.2
1987.30000,-3.14000,-50.95000,0.00000,27298.1,-60.4
1987.30000,-3.14000,-50.94000,0.00000,27297.3,-60.4
1987.30000,-3.14000,-50.93000,0.00000,27296.5,-60.4
1987.30000,-3.14000,-50.92000,0.00000,27295.7,-60.4
1987.30000,-3.14000,-50.91000,0.00000,27294.9,-60.3
1987.30000,-3.14000,-50.90000,0.00000,27294.0,-60.3
1987.30000,-3.14000,-50.89000,0.00000,27293.2,-60.3
1987.30000,-3.14000,-50.88000,0.00000,27292.4,-60.3
1987.30000,-3.14000,-50.87000,0.00000,27291.6,-60.3
1987.30000,-3.14000,-50.86000,0.00000,27290.8,-60.2
1987.30000,-3.14000,-50.85000,0.00000,27290.0,-60.2
1987.30000,-3.14000,-50.84000,0.00000,27289.2,-60.2
1987.30000,-3.14000,-50.83000,0.00000,27288.3,-60.2
1987.30000,-3.14000,-50.82000,0.00000,27287.5,-60.2
1987.30000,-3.14000,-50.81000,0.00000,27286.7,-60.2
1987.30000,-3.14000,-50.80000,0.00000,27285.9,-60.1
1987.30000,-3.15000,-50.95000,0.00000,27294.6,-60.4
1987.30000,-3.15000,-50.94000,0.00000,27293.8,-60.4
1987.30000,-3.15000,-50.93000,0.00000,27293.0,-60.3
1987.30000,-3.15000,-50.92000,0.00000,27292.2,-60.3
1987.30000,-3.15000,-50.91000,0.00000,27291.4,-60.3
1987.30000,-3.15000,-50.90000,0.00000,27290.6,-60.3
1987.30000,-3.15000,-50.89000,0.00000,27289.8,-60.3
1987.30000,-3.15000,-50.88000,0.00000,27288.9,-60.3
1987.30000,-3.15000,-50.87000,0.00000,27288.1,-60.2
1987.30000,-3.15000,-50.86000,0.00000,27287.3,-60.2
1987.30000,-3.15000,-50.85000,0.00000,27286.5,-60.2
1987.30000,-3.15000,-50.84000,0.00000,27285.7,-60.2
1987.30000,-3.15000,-50.83000,0.00000,27284.9,-60.2
1987.30000,-3.15000,-50.82000,0.00000,27284.1,-60.1
1987.30000,-3.15000,-50.81000,0.00000,27283.3,-60.1
1987.30000,-3.15000,-50.80000,0.00000,27282.5,-60.1
1987.30000,-3.16000,-50.95000,0.00000,27291.2,-60.4
1987.30000,-3.16000,-50.94000,0.00000,27290.4,-60.3
1987.30000,-3.16000,-50.93000,0.00000,27289.5,-60.3
1987.30000,-3.16000,-50.92000,0.00000,27288.7,-60.3
1987.30000,-3.16000,-50.91000,0.00000,27287.9,-60.3
1987.30000,-3.16000,-50.90000,0.00000,27287.1,-60.3
1987.30000,-3.16000,-50.89000,0.00000,27286.3,-60.2
1987.30000,-3.16000,-50.88000,0.00000,27285.5,-60.2
1987.30000,-3.16000,-50.87000,0.00000,27284.7,-60.2
1987.30000,-3.16000,-50.86000,0.00000,27283.8,-60.2
1987.30000,-3.16000,-50.85000,0.00000,27283.0,-60.2
1987.30000,-3.16000,-50.84000,0.00000,27282.2,-60.2
1987.30000,-3.16000,-50.83000,0.00000,27281.4,-60.1
1987.30000,-3.16000,-50.82000,0.00000,27280.6,-60.1
1987.30000,-3.16000,-50.81000,0.00000,27279.8,-60.1
1987.30000,-3.16000,-50.80000,0.00000,27279.0,-60.1
1987.30000,-3.17000,-50.95000,0.00000,27287.7,-60.3
1987.30000,-3.17000,-50.94000,0.00000,27286.9,-60.3
1987.30000,-3.17000,-50.93000,0.00000,27286.1,-60.3
1987.30000,-3.17000,-50.92000,0.00000,27285.3,-60.3
1987.30000,-3.17000,-50.91000,0.00000,27284.4,-60.3
1987.30000,-3.17000,-50.90000,0.00000,27283.6,-60.2
1987.30000,-3.17000,-50.89000,0.00000,27282.8,-60.2
1987.30000,-3.17000,-50.88000,0.00000,27282.0,-60.2
1987.30000,-3.17000,-50.87000,0.00000,27281.2,-60.2
1987.30000,-3.17000,-50.86000,0.00000,27280.4,-60.2
1987.30000,-3.17000,-50.85000,0.00000,27279.6,-60.2
1987.30000,-3.17000,-50.84000,0.00000,27278.8,-60.1
1987.30000,-3.17000,-50.83000,0.00000,27278.0,-60.1
1987.30000,-3.17000,-50.82000,0.00000,27277.1,-60.1
1987.30000,-3.17000,-50.81000,0.00000,27276.3,-60.1
1987.30000,-3.17000,-50.80000,0.00000,27275.5,-60.1
1987.30000,-3.18000,-50.95000,0.00000,27284.2,-60.3
1987.30000,-3.18000,-50.94000,0.00000,27283.4,-60.3
1987.30000,-3.18000,-50.93000,0.00000,27282.6,-60.3
1987.30000,-3.18000,-50.92000,0.00000,27281.8,-60.3
1987.30000,-3.18000,-50.91000,0.00000,27281.0,-60.2
1987.30000,-3.18000,-50.90000,0.00000,27280.2,-60.2
1987.30000,-3.18000,-50.89000,0.00000,27279.4,-60.2
1987.30000,-3.18000,-50.88000,0.00000,27278.5,-60.2
1987.30000,-3.18000,-50.87000,0.00000,27277.7,-60.2
1987.30000,-3.18000,-50.86000,0.00000,27276.9,-60.1
1987.30000,-3.18000,-50.85000,0.00000,27276.1,-60.1
1987.30000,-3.18000,-50.84000,0.00000,27275.3,-60.1
1987.30000,-3.18000,-50.83000,0.00000,27274.5,-60.1
1987.30000,-3.18000,-50.82000,0.00000,27273.7,-60.1
1987.30000,-3.18000,-50.81000,0.00000,27272.9,-60.1
1987.30000,-3.18000,-50.80000,0.00000,27272.1,-60.0
1987.30000,-3.19000,-50.95000,0.00000,27280.8,-60.3
1987.30000,-3.19000,-50.94000,0.00000,27280.0,-60.3
1987.30000,-3.19000,-50.93000,0.00000,27279.1,-60.2
1987.30000,-3.19000,-50.92000,0.00000,27278.3,-60.2
1987.30000,-3.19000,-50.91000,0.00000,27277.5,-60.2
1987.30000,-3.19000,-50.90000,0.00000,27276.7,-60.2
1987.30000,-3.19000,-50.89000,0.00000,27275.9,-60.2
1987.30000,-3.19000,-50.88000,0.00000,27275.1,-60.2
1987.30000,-3.19000,-50.87000,0.00000,27274.3,-60.1
1987.30000,-3.19000,-50.86000,0.00000,27273.5,-60.1
1987.30000,-3.19000,-50.85000,0.00000,27272.6,-60.1
1987.30000,-3.19000,-50.84000,0.00000,27271.8,-60.1
1987.30000,-3.19000,-50.83000,0.00000,27271.0,-60.1
1987.30000,-3.19000,-50.82000,0.00000,27270.2,-60.0
1987.30000,-3.19000,-50.81000,0.00000,27269.4,-60.0
1987.30000,-3.19000,-50.80000,0.00000,27268.6,-60.0
1987.30000,-3.20000,-50.95000,0.00000,27277.3,-60.3
1987.30000,-3.20000,-50.94000,0.00000,27276.5,-60.2
1987.30000,-3.20000,-50.93000,0.00000,27275.7,-60.2
1987.30000,-3.20000,-50.92000,0.00000,27274.9,-60.2
1987.30000,-3.20000,-50.91000,0.00000,27274.0,-60.2
1987.30000,-3.20000,-50.90000,0.00000,27273.2,-60.2
1987.30000,-3.20000,-50.89000,0.00000,27272.4,-60.1
1987.30000,-3.20000,-50.88000,0.00000,27271.6,-60.1
1987.30000,-3.20000,-50.87000,0.00000,27270.8,-60.1
1987.30000,-3.20000,-50.86000,0.00000,27270.0,-60.1
1987.30000,-3.20000,-50.85000,0.00000,27269.2,-60.1
1987.30000,-3.20000,-50.84000,0.00000,27268.4,-60.1
1987.30000,-3.20000,-50.83000,0.00000,27267.6,-60.0
1987.30000,-3.20000,-50.82000,0.00000,27266.8,-60.0
1987.30000,-3.20000,-50.81000,0.00000,27266.0,-60.0
1987.30000,-3.20000,-50.80000,0.00000,27265.2,-60.0
1987.40000,-3.10000,-50.95000,0.00000,27305.9,-60.5
1987.40000,-3.10000,-50.94000,0.00000,27305.1,-60.5
1987.40000,-3.10000,-50.93000,0.00000,27304.3,-60.5
1987.40000,-3.10000,-50.92000,0.00000,27303.5,-60.5
1987.40000,-3.10000,-50.91000,0.00000,27302.7,-60.4
1987.40000,-3.10000,-50.90000,0.00000,27301.8,-60.4
1987.40000,-3.10000,-50.89000,0.00000,27301.0,-60.4
1987.40000,-3.10000,-50.88000,0.00000,27300.2,-60.4
1987.40000,-3.10000,-50.87000,0.00000,27299.4,-60.4
1987.40000,-3.10000,-50.86000,0.00000,27298.6,-60.4
1987.40000,-3.10000,-50.85000,0.00000,27297.8,-60.3
1987.40000,-3.10000,-50.84000,0.00000,27297.0,-60.3
1987.40000,-3.10000,-50.83000,0.00000,27296.1,-60.3
1987.40000,-3.10000,-50.82000,0.00000,27295.3,-60.3
1987.40000,-3.10000,-50.81000,0.00000,27294.5,-60.3
1987.40000,-3.10000,-50.80000,0.00000,27293.7,-60.2
1987.40000,-3.11000,-50.95000,0.00000,27302.5,-60.5
1987.40000,-3.11000,-50.94000,0.00000,27301.6,-60.5
1987.40000,-3.11000,-50.93000,0.00000,27300.8,-60.5
1987.40000,-3.11000,-50.92000,0.00000,27300.0,-60.4
1987.40000,-3.11000,-50.91000,0.00000,27299.2,-60.4
1987.40000,-3.11000,-50.90000,0.00000,27298.4,-60.4
1987.40000,-3.11000,-50.89000,0.00000,27297.6,-60.4
1987.40000,-3.11000,-50.88000,0.00000,27296.7,-60.4
1987.40000,-3.11000,-50.87000,0.00000,27295.9,-60.3
1987.40000,-3.11000,-50.86000,0.00000,27295.1,-60.3
1987.40000,-3.11000,-50.85000,0.00000,27294.3,-60.3
1987.40000,-3.11000,-50.84000,0.00000,27293.5,-60.3
1987.40000,-3.11000,-50.83000,0.00000,27292.7,-60.3
1987.40000,-3.11000,-50.82000,0.00000,27291.9,-60.3
1987.40000,-3.11000,-50.81000,0.00000,27291.1,-60.2
1987.40000,-3.11000,-50.80000,0.00000,27290.2,-60.2
1987.40000,-3.12000,-50.95000,0.00000,27299.0,-60.5
1987.40000,-3.12000,-50.94000,0.00000,27298.2,-60.4
1987.40000,-3.12000,-50.93000,0.00000,27297.3,-60.4
1987.40000,-3.12000,-50.92000,0.00000,27296.5,-60.4
1987.40000,-3.12000,-50.91000,0.00000,27295.7,-60.4
1987.40000,-3.12000,-50.90000,0.00000,27294.9,-60.4
1987.40000,-3.12000,-50.89000,0.00000,27294.1,-60.4
1987.40000,-3.12000,-50.88000,0.00000,27293.3,-60.3
1987.40000,-3.12000,-50.87000,0.00000,27292.5,-60.3
1987.40000,-3.12000,-50.86000,0.00000,27291.6,-60.3
1987.40000,-3.12000,-50.85000,0.00000,27290.8,-60.3
1987.40000,-3.12000,-50.84000,0.00000,27290.0,-60.3
1987.40000,-3.12000,-50.83000,0.00000,27289.2,-60.2
1987.40000,-3.12000,-50.82000,0.00000,27288.4,-60.2
1987.40000,-3.12000,-50.81000,0.00000,27287.6,-60.2
1987.40000,-3.12000,-50.80000,0.00000,27286.8,-60.2
1987.40000,-3.13000,-50.95000,0.00000,27295.5,-60.4
1987.40000,-3.13000,-50.94000,0.00000,27294.7,-60.4
1987.40000,-3.13000,-50.93000,0.00000,27293.9,-60.4
1987.40000,-3.13000,-50.92000,0.00000,27293.1,-60.4
1987.40000,-3.13000,-50.91000,0.00000,27292.2,-60.4
1987.40000,-3.13000,-50.90000,0.00000,27291.4,-60.3
1987.40000,-3.13000,-50.89000,0.00000,27290.6,-60.3
1987.40000,-3.13000,-50.88000,0.00000,27289.8,-60.3
1987.40000,-3.13000,-50.87000,0.00000,27289.0,-60.3
1987.40000,-3.13000,-50.86000,0.00000,27288.2,-60.3
1987.40000,-3.13000,-50.85000,0.00000,27287.4,-60.3
1987.40000,-3.13000,-50.84000,0.00000,27286.6,-60.2
1987.40000,-3.13000,-50.83000,0.00000,27285.7,-60.2
1987.40000,-3.13000,-50.82000,0.00000,27284.9,-60.2
1987.40000,-3.13000,-50.81000,0.00000,27284.1,-60.2
1987.40000,-3.13000,-50.80000,0.00000,27283.3,-60.2
1987.40000,-3.14000,-50.95000,0.00000,27292.0,-60.4
1987.40000,-3.14000,-50.94000,0.00000,27291.2,-60.4
1987.40000,-3.14000,-50.93000,0.00000,27290.4,-60.4
1987.40000,-3.14000,-50.92000,0.00000,27289.6,-60.4
1987.40000,-3.14000,-50.91000,0.00000,27288.8,-60.3
1987.40000,-3.14000,-50.90000,0.00000,27288.0,-60.3
1987.40000,-3.14000,-50.89000,0.00000,27287.1,-60.3
1987.40000,-3.14000,-50.88000,0.00000,27286.3,-60.3
1987.40000,-3.14000,-50.87000,0.00000,27285.5,-60.3
1987.40000,-3.14000,-50.86000,0.00000,27284.7,-60.2
1987.40000,-3.14000,-50.85000,0.00000,27283.9,-60.2
1987.40000,-3.14000,-50.84000,0.00000,27283.1,-60.2
1987.40000,-3.14000,-50.83000,0.00000,27282.3,-60.2
1987.40000,-3.14000,-50.82000,0.00000,27281.5,-60.2
1987.40000,-3.14000,-50.81000,0.00000,27280.7,-60.2
1987.40000,-3.14000,-50.80000,0.00000,27279.9,-60.1
1987.40000,-3.15000,-50.95000,0.00000,27288.6,-60.4
1987.40000,-3.15000,-50.94000,0.00000,27287.7,-60.4
1987.40000,-3.15000,-50.93000,0.00000,27286.9,-60.3
1987.40000,-3.15000,-50.92000,0.00000,27286.1,-60.3
1987.40000,-3.15000,-50.91000,0.00000,27285.3,-60.3
1987.40000,-3.15000,-50.90000,0.00000,27284.5,-60.3
1987.40000,-3.15000,-50.89000,0.00000,27283.7,-60.3
1987.40000,-3.15000,-50.88000,0.00000,27282.9,-60.3
1987.40000,-3.15000,-50.87000,0.00000,27282.1,-60.2
1987.40000,-3.15000,-50.86000,0.00000,27281.2,-60.2
1987.40000,-3.15000,-50.85000,0.00000,27280.4,-60.2
1987.40000,-3.15000,-50.84000,0.00000,27279.6,-60.2
1987.40000,-3.15000,-50.83000,0.00000,27278.8,-60.2
1987.40000,-3.15000,-50.82000,0.00000,27278.0,-60.1
1987.40000,-3.15000,-50.81000,0.00000,27277.2,-60.1
1987.40000,-3.15000,-50.80000,0.00000,27276.4,-60.1
1987.40000,-3.16000,-50.95000,0.00000,27285.1,-60.4
1987.40000,-3.16000,-50.94000,0.00000,27284.3,-60.3
1987.40000,-3.16000,-50.93000,0.00000,27283.5,-60.3
1987.40000,-3.16000,-50.92000,0.00000,27282.7,-60.3
1987.40000,-3.16000,-50.91000,0.00000,27281.8,-60.3
1987.40000,-3.16000,-50.90000,0.00000,27281.0,-60.3
1987.40000,-3.16000,-50.89000,0.00000,27280.2,-60.2
1987.40000,-3.16000,-50.88000,0.00000,27279.4,-60.2
1987.40000,-3.16000,-50.87000,0.00000,27278.6,-60.2
1987.40000,-3.16000,-50.86000,0.00000,27277.8,-60.2
1987.40000,-3.16000,-50.85000,0.00000,27277.0,-60.2
1987.40000,-3.16000,-50.84000,0.00000,27276.2,-60.2
1987.40000,-3.16000,-50.83000,0.00000,27275.4,-60.1
1987.40000,-3.16000,-50.82000,0.00000,27274.5,-60.1
1987.40000,-3.16000,-50.81000,0.00000,27273.7,-60.1
1987.40000,-3.16000,-50.80000,0.00000,27272.9,-60.1
1987.40000,-3.17000,-50.95000,0.00000,27281.6,-60.3
1987.40000,-3.17000,-50.94000,0.00000,27280.8,-60.3
1987.40000,-3.17000,-50.93000,0.00000,27280.0,-60.3
1987.40000,-3.17000,-50.92000,0.00000,27279.2,-60.3
1987.40000,-3.17000,-50.91000,0.00000,27278.4,-60.3
1987.40000,-3.17000,-50.90000,0.00000,27277.6,-60.2
1987.40000,-3.17000,-50.89000,0.00000,27276.7,-60.2
1987.40000,-3.17000,-50.88000,0.00000,27275.9,-60.2
1987.40000,-3.17000,-50.87000,0.00000,27275.1,-60.2
1987.40000,-3.17000,-50.86000,0.00000,27274.3,-60.2
1987.40000,-3.17000,-50.85000,0.00000,27273.5,-60.2
1987.40000,-3.17000,-50.84000,0.00000,27272.7,-60.1
1987.40000,-3.17000,-50.83000,0.00000,27271.9,-60.1
1987.40000,-3.17000,-50.82000,0.00000,27271.1,-60.1
1987.40000,-3.17000,-50.81000,0.00000,27270.3,-60.1
1987.40000,-3.17000,-50.80000,0.00000,27269.5,-60.1
1987.40000,-3.18000,-50.95000,0.00000,27278.2,-60.3
1987.40000,-3.18000,-50.94000,0.00000,27277.3,-60.3
1987.40000,-3.18000,-50.93000,0.00000,27276.5,-60.3
1987.40000,-3.18000,-50.92000,0.00000,27275.7,-60.3
1987.40000,-3.18000,-50.91000,0.00000,27274.9,-60.2
1987.40000,-3.18000,-50.90000,0.00000,27274.1,-60.2
1987.40000,-3.18000,-50.89000,0.00000,27273.3,-60.2
1987.40000,-3.18000,-50.88000,0.00000,27272.5,-60.2
1987.40000,-3.18000,-50.87000,0.00000,27271.7,-60.2
1987.40000,-3.18000,-50.86000,0.00000,27270.9,-60.1
1987.40000,-3.18000,-50.85000,0.00000,27270.0,-60.1
1987.40000,-3.18000,-50.84000,0.00000,27269.2,-60.1
1987.40000,-3.18000,-50.83000,0.00000,27268.4,-60.1
1987.40000,-3.18000,-50.82000,0.00000,27267.6,-60.1
1987.40000,-3.18000,-50.81000,0.00000,27266.8,-60.1
1987.40000,-3.18000,-50.80000,0.00000,27266.0,-60.0
1987.40000,-3.19000,-50.95000,0.00000,27274.7,-60.3
1987.40000,-3.19000,-50.94000,0.00000,27273.9,-60.3
1987.40000,-3.19000,-50.93000,0.00000,27273.1,-60.2
1987.40000,-3.19000,-50.92000,0.00000,27272.3,-60.2
1987.40000,-3.19000,-50.91000,0.00000,27271.4,-60.2
1987.40000,-3.19000,-50.90000,0.00000,27270.6,-60.2
1987.40000,-3.19000,-50.89000,0.00000,27269.8,-60.2
1987.40000,-3.19000,-50.88000,0.00000,27269.0,-60.2
1987.40000,-3.19000,-50.87000,0.00000,27268.2,-60.1
1987.40000,-3.19000,-50.86000,0.00000,27267.4,-60.1
1987.40000,-3.19000,-50.85000,0.00000,27266.6,-60.1
1987.40000,-3.19000,-50.84000,0.00000,27265.8,-60.1
1987.40000,-3.19000,-50.83000,0.00000,27265.0,-60.1
1987.40000,-3.19000,-50.82000,0.00000,27264.2,-60.0
1987.40000,-3.19000,-50.81000,0.00000,27263.4,-60.0
1987.40000,-3.19000,-50.80000,0.00000,27262.6,-60.0
1987.40000,-3.20000,-50.95000,0.00000,27271.2,-60.3
1987.40000,-3.20000,-50.94000,0.00000,27270.4,-60.2
1987.40000,-3.20000,-50.93000,0.00000,27269.6,-60.2
1987.40000,-3.20000,-50.92000,0.00000,27268.8,-60.2
1987.40000,-3.20000,-50.91000,0.00000,27268.0,-60.2
1987.40000,-3.20000,-50.90000,0.00000,27267.2,-60.2
1987.40000,-3.20000,-50.89000,0.00000,27266.4,-60.1
1987.40000,-3.20000,-50.88000,0.00000,27265.6,-60.1
1987.40000,-3.20000,-50.87000,0.00000,27264.7,-60.1
1987.40000,-3.20000,-50.86000,0.00000,27263.9,-60.1
1987.40000,-3.20000,-50.85000,0.00000,27263.1,-60.1
1987.40000,-3.20000,-50.84000,0.00000,27262.3,-60.1
1987.40000,-3.20000,-50.83000,0.00000,27261.5,-60.0
1987.40000,-3.20000,-50.82000,0.00000,27260.7,-60.0
1987.40000,-3.20000,-50.81000,0.00000,27259.9,-60.0
1987.40000,-3.20000,-50.80000,0.00000,27259.1,-60.0
1987.50000,-3.10000,-50.95000,0.00000,27299.8,-60.5
1987.50000,-3.10000,-50.94000,0.00000,27299.0,-60.5
1987.50000,-3.10000,-50.93000,0.00000,27298.2,-60.5
1987.50000,-3.10000,-50.92000,0.00000,27297.4,-60.5
1987.50000,-3.10000,-50.91000,0.00000,27296.6,-60.4
1987.50000,-3.10000,-50.90000,0.00000,27295.8,-60.4
1987.50000,-3.10000,-50.89000,0.00000,27295.0,-60.4
1987.50000,-3.10000,-50.88000,0.00000,27294.1,-60.4
1987.50000,-3.10000,-50.87000,0.00000,27293.3,-60.4
1987.50000,-3.10000,-50.86000,0.00000,27292.5,-60.4
1987.50000,-3.10000,-50.85000,0.00000,27291.7,-60.3
1987.50000,-3.10000,-50.84000,0.00000,27290.9,-60.3
1987.50000,-3.10000,-50.83000,0.00000,27290.1,-60.3
1987.50000,-3.10000,-50.82000,0.00000,27289.3,-60.3
1987.50000,-3.10000,-50.81000,0.00000,27288.5,-60.3
1987.50000,-3.10000,-50.80000,0.00000,27287.6,-60.2
1987.50000,-3.11000,-50.95000,0.00000,27296.4,-60.5
1987.50000,-3.11000,-50.94000,0.00000,27295.6,-60.5
1987.50000,-3.11000,-50.93000,0.00000,27294.7,-60.5
1987.50000,-3.11000,-50.92000,0.00000,27293.9,-60.4
1987.50000,-3.11000,-50.91000,0.00000,27293.1,-60.4
1987.50000,-3.11000,-50.90000,0.00000,27292.3,-60.4
1987.50000,-3.11000,-50.89000,0.00000,27291.5,-60.4
1987.50000,-3.11000,-50.88000,0.00000,27290.7,-60.4
1987.50000,-3.11000,-50.87000,0.00000,27289.9,-60.3
1987.50000,-3.11000,-50.86000,0.00000,27289.0,-60.3
1987.50000,-3.11000,-50.85000,0.00000,27288.2,-60.3
1987.50000,-3.11000,-50.84000,0.00000,27287.4,-60.3
1987.50000,-3.11000,-50.83000,0.00000,27286.6,-60.3
1987.50000,-3.11000,-50.82000,0.00000,27285.8,-60.3
1987.50000,-3.11000,-50.81000,0.00000,27285.0,-60.2
1987.50000,-3.11000,-50.80000,0.00000,27284.2,-60.2
1987.50000,-3.12000,-50.95000,0.00000,27292.9,-60.5
1987.50000,-3.12000,-50.94000,0.00000,27292.1,-60.4
1987.50000,-3.12000,-50.93000,0.00000,27291.3,-60.4
1987.50000,-3.12000,-50.92000,0.00000,27290.5,-60.4
1987.50000,-3.12000,-50.91000,0.00000,27289.6,-60.4
1987.50000,-3.12000,-50.90000,0.00000,27288.8,-60.4
1987.50000,-3.12000,-50.89000,0.00000,27288.0,-60.4
1987.50000,-3.12000,-50.88000,0.00000,27287.2,-60.3
1987.50000,-3.12000,-50.87000,0.00000,27286.4,-60.3
1987.50000,-3.12000,-50.86000,0.00000,27285.6,-60.3
1987.50000,-3.12000,-50.85000,0.00000,27284.8,-60.3
1987.50000,-3.12000,-50.84000,0.00000,27284.0,-60.3
1987.50000,-3.12000,-50.83000,0.00000,27283.1,-60.2
1987.50000,-3.12000,-50.82000,0.00000,27282.3,-60.2
1987.50000,-3.12000,-50.81000,0.00000,27281.5,-60.2
1987.50000,-3.12000,-50.80000,0.00000,27280.7,-60.2
1987.50000,-3.13000,-50.95000,0.00000,27289.4,-60.4
1987.50000,-3.13000,-50.94000,0.00000,27288.6,-60.4
1987.50000,-3.13000,-50.93000,0.00000,27287.8,-60.4
1987.50000,-3.13000,-50.92000,0.00000,27287.0,-60.4
1987.50000,-3.13000,-50.91000,0.00000,27286.2,-60.4
1987.50000,-3.13000,-50.90000,0.00000,27285.4,-60.3
1987.50000,-3.13000,-50.89000,0.00000,27284.5,-60.3
1987.50000,-3.13000,-50.88000,0.00000,27283.7,-60.3
1987.50000,-3.13000,-50.87000,0.00000,27282.9,-60.3
1987.50000,-3.13000,-50.86000,0.00000,27282.1,-60.3
1987.50000,-3.13000,-50.85000,0.00000,27281.3,-60.3
1987.50000,-3.13000,-50.84000,0.00000,27280.5,-60.2
1987.50000,-3.13000,-50.83000,0.00000,27279.7,-60.2
1987.50000,-3.13000,-50.82000,0.00000,27278.9,-60.2
1987.50000,-3.13000,-50.81000,0.00000,27278.1,-60.2
1987.50000,-3.13000,-50.80000,0.00000,27277.3,-60.2
1987.50000,-3.14000,-50.95000,0.00000,27286.0,-60.4
1987.50000,-3.14000,-50.94000,0.00000,27285.1,-60.4
1987.50000,-3.14000,-50.93000,0.00000,27284.3,-60.4
1987.50000,-3.14000,-50.92000,0.00000,27283.5,-60.4
1987.50000,-3.14000,-50.91000,0.00000,27282.7,-60.3
1987.50000,-3.14000,-50.90000,0.00000,27281.9,-60.3
1987.50000,-3.14000,-50.89000,0.00000,27281.1,-60.3
1987.50000,-3.14000,-50.88000,0.00000,27280.3,-60.3
1987.50000,-3.14000,-50.87000,0.00000,27279.5,-60.3
1987.50000,-3.14000,-50.86000,0.00000,27278.6,-60.2
1987.50000,-3.14000,-50.85000,0.00000,27277.8,-60.2
1987.50000,-3.14000,-50.84000,0.00000,27277.0,-60.2
1987.50000,-3.14000,-50.83000,0.00000,27276.2,-60.2
1987.50000,-3.14000,-50.82000,0.00000,27275.4,-60.2
1987.50000,-3.14000,-50.81000,0.00000,27274.6,-60.2
1987.50000,-3.14000,-50.80000,0.00000,27273.8,-60.1
1987.50000,-3.15000,-50.95000,0.00000,27282.5,-60.4
1987.50000,-3.15000,-50.94000,0.00000,27281.7,-60.4
1987.50000,-3.15000,-50.93000,0.00000,27280.9,-60.3
1987.50000,-3.15000,-50.92000,0.00000,27280.0,-60.3
1987.50000,-3.15000,-50.91000,0.00000,27279.2,-60.3
1987.50000,-3.15000,-50.90000,0.00000,27278.4,-60.3
1987.50000,-3.15000,-50.89000,0.00000,27277.6,-60.3
1987.50000,-3.15000,-50.88000,0.00000,27276.8,-60.3
1987.50000,-3.15000,-50.87000,0.00000,27276.0,-60.2
1987.50000,-3.15000,-50.86000,0.00000,27275.2,-60.2
1987.50000,-3.15000,-50.85000,0.00000,27274.4,-60.2
1987.50000,-3.15000,-50.84000,0.00000,27273.6,-60.2
1987.50000,-3.15000,-50.83000,0.00000,27272.8,-60.2
1987.50000,-3.15000,-50.82000,0.00000,27272.0,-60.1
1987.50000,-3.15000,-50.81000,0.00000,27271.1,-60.1
1987.50000,-3.15000,-50.80000,0.00000,27270.3,-60.1
1987.50000,-3.16000,-50.95000,0.00000,27279.0,-60.4
1987.50000,-3.16000,-50.94000,0.00000,27278.2,-60.3
1987.50000,-3.16000,-50.93000,0.00000,27277.4,-60.3
1987.50000,-3.16000,-50.92000,0.00000,27276.6,-60.3
1987.50000,-3.16000,-50.91000,0.00000,27275.8,-60.3
1987.50000,-3.16000,-50.90000,0.00000,27275.0,-60.3
1987.50000,-3.16000,-50.89000,0.00000,27274.1,-60.2
1987.50000,-3.16000,-50.88000,0.00000,27273.3,-60.2
1987.50000,-3.16000,-50.87000,0.00000,27272.5,-60.2
1987.50000,-3.16000,-50.86000,0.00000,27271.7,-60.2
1987.50000,-3.16000,-50.85000,0.00000,27270.9,-60.2
1987.50000,-3.16000,-50.84000,0.00000,27270.1,-60.2
1987.50000,-3.16000,-50.83000,0.00000,27269.3,-60.1
1987.50000,-3.16000,-50.82000,0.00000,27268.5,-60.1
1987.50000,-3.16000,-50.81000,0.00000,27267.7,-60.1
1987.50000,-3.16000,-50.80000,0.00000,27266.9,-60.1
1987.50000,-3.17000,-50.95000,0.00000,27275.6,-60.3
1987.50000,-3.17000,-50.94000,0.00000,27274.7,-60.3
1987.50000,-3.17000,-50.93000,0.00000,27273.9,-60.3
1987.50000,-3.17000,-50.92000,0.00000,27273.1,-60.3
1987.50000,-3.17000,-50.91000,0.00000,27272.3,-60.3
1987.50000,-3.17000,-50.90000,0.00000,27271.5,-60.2
1987.50000,-3.17000,-50.89000,0.00000,27270.7,-60.2
1987.50000,-3.17000,-50.88000,0.00000,27269.9,-60.2
1987.50000,-3.17000,-50.87000,0.00000,27269.1,-60.2
1987.50000,-3.17000,-50.86000,0.00000,27268.3,-60.2
1987.50000,-3.17000,-50.85000,0.00000,27267.5,-60.2
1987.50000,-3.17000,-50.84000,0.00000,27266.6,-60.1
1987.50000,-3.17000,-50.83000,0.00000,27265.8,-60.1
1987.50000,-3.17000,-50.82000,0.00000,27265.0,-60.1
1987.50000,-3.17000,-50.81000,0.00000,27264.2,-60.1
1987.50000,-3.17000,-50.80000,0.00000,27263.4,-60.1
1987.50000,-3.18000,-50.95000,0.00000,27272.1,-60.3
1987.50000,-3.18000,-50.94000,0.00000,27271.3,-60.3
1987.50000,-3.18000,-50.93000,0.00000,27270.5,-60.3
1987.50000,-3.18000,-50.92000,0.00000,27269.7,-60.3
1987.50000,-3.18000,-50.91000,0.00000,27268.8,-60.2
1987.50000,-3.18000,-50.90000,0.00000,27268.0,-60.2
1987.50000,-3.18000,-50.89000,0.00000,27267.2,-60.2
1987.50000,-3.18000,-50.88000,0.00000,27266.4,-60.2
1987.50000,-3.18000,-50.87000,0.00000,27265.6,-60.2
1987.50000,-3.18000,-50.86000,0.00000,27264.8,-60.1
1987.50000,-3.18000,-50.85000,0.00000,27264.0,-60.1
1987.50000,-3.18000,-50.84000,0.00000,27263.2,-60.1
1987.50000,-3.18000,-50.83000,0.00000,27262.4,-60.1
1987.50000,-3.18000,-50.82000,0.00000,27261.6,-60.1
1987.50000,-3.18000,-50.81000,0.00000,27260.8,-60.1
1987.50000,-3.18000,-50.80000,0.00000,27260.0,-60.0
1987.50000,-3.19000,-50.95000,0.00000,27268.6,-60.3
1987.50000,-3.19000,-50.94000,0.00000,27267.8,-60.3
1987.50000,-3.19000,-50.93000,0.00000,27267.0,-60.2
1987.50000,-3.19000,-50.92000,0.00000,27266.2,-60.2
1987.50000,-3.19000,-50.91000,0.00000,27265.4,-60.2
1987.50000,-3.19000,-50.90000,0.00000,27264.6,-60.2
1987.50000,-3.19000,-50.89000,0.00000,27263.8,-60.2
1987.50000,-3.19000,-50.88000,0.00000,27263.0,-60.2
1987.50000,-3.19000,-50.87000,0.00000,27262.2,-60.1
1987.50000,-3.19000,-50.86000,0.00000,27261.3,-60.1
1987.50000,-3.19000,-50.85000,0.00000,27260.5,-60.1
1987.50000,-3.19000,-50.84000,0.00000,27259.7,-60.1
1987.50000,-3.19000,-50.83000,0.00000,27258.9,-60.1
1987.50000,-3.19000,-50.82000,0.00000,27258.1,-60.0
1987.50000,-3.19000,-50.81000,0.00000,27257.3,-60.0
1987.50000,-3.19000,-50.80000,0.00000,27256.5,-60.0
1987.50000,-3.20000,-50.95000,0.00000,27265.2,-60.3
1987.50000,-3.20000,-50.94000,0.00000,27264.4,-60.2
1987.50000,-3.20000,-50.93000,0.00000,27263.5,-60.2
1987.50000,-3.20000,-50.92000,0.00000,27262.7,-60.2
1987.50000,-3.20000,-50.91000,0.00000,27261.9,-60.2
1987.50000,-3.20000,-50.90000,0.00000,27261.1,-60.2
1987.50000,-3.20000,-50.89000,0.00000,27260.3,-60.1
1987.50000,-3.20000,-50.88000,0.00000,27259.5,-60.1
1987.50000,-3.20000,-50.87000,0.00000,27258.7,-60.1
1987.50000,-3.20000,-50.86000,0.00000,27257.9,-60.1
1987.50000,-3.20000,-50.85000,0.00000,27257.1,-60.1
1987.50000,-3.20000,-50.84000,0.00000,27256.3,-60.1
1987.50000,-3.20000,-50.83000,0.00000,27255.5,-60.0
1987.50000,-3.20000,-50.82000,0.00000,27254.7,-60.0
1987.50000,-3.20000,-50.81000,0.00000,27253.9,-60.0
1987.50000,-3.20000,-50.80000,0.00000,27253.1,-60.0
1987.60000,-3.10000,-50.95000,0.00000,27293.8,-60.5
1987.60000,-3.10000,-50.94000,0.00000,27292.9,-60.5
1987.60000,-3.10000,-50.93000,0.00000,27292.1,-60.5
1987.60000,-3.10000,-50.92000,0.00000,27291.3,-60.5
1987.60000,-3.10000,-50.91000,0.00000,27290.5,-60.4
1987.60000,-3.10000,-50.90000,0.00000,27289.7,-60.4
1987.60000,-3.10000,-50.89000,0.00000,27288.9,-60.4
1987.60000,-3.10000,-50.88000,0.00000,27288.1,-60.4
1987.60000,-3.10000,-50.87000,0.00000,27287.3,-60.4
1987.60000,-3.10000,-50.86000,0.00000,27286.4,-60.4
1987.60000,-3.10000,-50.85000,0.00000,27285.6,-60.3
1987.60000,-3.10000,-50.84000,0.00000,27284.8,-60.3
1987.60000,-3.10000,-50.83000,0.00000,27284.0,-60.3
1987.60000,-3.10000,-50.82000,0.00000,27283.2,-60.3
1987.60000,-3.10000,-50.81000,0.00000,27282.4,-60.3
1987.60000,-3.10000,-50.80000,0.00000,27281.6,-60.2
1987.60000,-3.11000,-50.95000,0.00000,27290.3,-60.5
1987.60000,-3.11000,-50.94000,0.00000,27289.5,-60.5
1987.60000,-3.11000,-50.93000,0.00000,27288.7,-60.5
1987.60000,-3.11000,-50.92000,0.00000,27287.9,-60.4
1987.60000,-3.11000,-50.91000,0.00000,27287.0,-60.4
1987.60000,-3.11000,-50.90000,0.00000,27286.2,-60.4
1987.60000,-3.11000,-50.89000,0.00000,27285.4,-60.4
1987.60000,-3.11000,-50.88000,0.00000,27284.6,-60.4
1987.60000,-3.11000,-50.87000,0.00000,27283.8,-60.3
1987.60000,-3.11000,-50.86000,0.00000,27283.0,-60.3
1987.60000,-3.11000,-50.85000,0.00000,27282.2,-60.3
1987.60000,-3.11000,-50.84000,0.00000,27281.4,-60.3
1987.60000,-3.11000,-50.83000,0.00000,27280.6,-60.3
1987.60000,-3.11000,-50.82000,0.00000,27279.7,-60.3
1987.60000,-3.11000,-50.81000,0.00000,27278.9,-60.2
1987.60000,-3.11000,-50.80000,0.00000,27278.1,-60.2
1987.60000,-3.12000,-50.95000,0.00000,27286.8,-60.5
1987.60000,-3.12000,-50.94000,0.00000,27286.0,-60.4
1987.60000,-3.12000,-50.93000,0.00000,27285.2,-60.4
1987.60000,-3.12000,-50.92000,0.00000,27284.4,-60.4
1987.60000,-3.12000,-50.91000,0.00000,27283.6,-60.4
1987.60000,-3.12000,-50.90000,0.00000,27282.8,-60.4
1987.60000,-3.12000,-50.89000,0.00000,27281.9,-60.4
1987.60000,-3.12000,-50.88000,0.00000,27281.1,-60.3
1987.60000,-3.12000,-50.87000,0.00000,27280.3,-60.3
1987.60000,-3.12000,-50.86000,0.00000,27279.5,-60.3
1987.60000,-3.12000,-50.85000,0.00000,27278.7,-60.3
1987.60000,-3.12000,-50.84000,0.00000,27277.9,-60.3
1987.60000,-3.12000,-50.83000,0.00000,27277.1,-60.2
1987.60000,-3.12000,-50.82000,0.00000,27276.3,-60.2
1987.60000,-3.12000,-50.81000,0.00000,27275.5,-60.2
1987.60000,-3.12000,-50.80000,0.00000,27274.7,-60.2
1987.60000,-3.13000,-50.95000,0.00000,27283.4,-60.4
1987.60000,-3.13000,-50.94000,0.00000,27282.5,-60.4
1987.60000,-3.13000,-50.93000,0.00000,27281.7,-60.4
1987.60000,-3.13000,-50.92000,0.00000,27280.9,-60.4
1987.60000,-3.13000,-50.91000,0.00000,27280.1,-60.4
1987.60000,-3.13000,-50.90000,0.00000,27279.3,-60.3
1987.60000,-3.13000,-50.89000,0.00000,27278.5,-60.3
1987.60000,-3.13000,-50.88000,0.00000,27277.7,-60.3
1987.60000,-3.13000,-50.87000,0.00000,27276.9,-60.3
1987.60000,-3.13000,-50.86000,0.00000,27276.1,-60.3
1987.60000,-3.13000,-50.85000,0.00000,27275.2,-60.3
1987.60000,-3.13000,-50.84000,0.00000,27274.4,-60.2
1987.60000,-3.13000,-50.83000,0.00000,27273.6,-60.2
1987.60000,-3.13000,-50.82000,0.00000,27272.8,-60.2
1987.60000,-3.13000,-50.81000,0.00000,27272.0,-60.2
1987.60000,-3.13000,-50.80000,0.00000,27271.2,-60.2
1987.60000,-3.14000,-50.95000,0.00000,27279.9,-60.4
1987.60000,-3.14000,-50.94000,0.00000,27279.1,-60.4
1987.60000,-3.14000,-50.93000,0.00000,27278.3,-60.4
1987.60000,-3.14000,-50.92000,0.00000,27277.4,-60.4
1987.60000,-3.14000,-50.91000,0.00000,27276.6,-60.3
1987.60000,-3.14000,-50.90000,0.00000,27275.8,-60.3
1987.60000,-3.14000,-50.89000,0.00000,27275.0,-60.3
1987.60000,-3.14000,-50.88000,0.00000,27274.2,-60.3
1987.60000,-3.14000,-50.87000,0.00000,27273.4,-60.3
1987.60000,-3.14000,-50.86000,0.00000,27272.6,-60.2
1987.60000,-3.14000,-50.85000,0.00000,27271.8,-60.2
1987.60000,-3.14000,-50.84000,0.00000,27271.0,-60.2
1987.60000,-3.14000,-50.83000,0.00000,27270.2,-60.2
1987.60000,-3.14000,-50.82000,0.00000,27269.4,-60.2
1987.60000,-3.14000,-50.81000,0.00000,27268.6,-60.2
1987.60000,-3.14000,-50.80000,0.00000,27267.8,-60.1
1987.60000,-3.15000,-50.95000,0.00000,27276.4,-60.4
1987.60000,-3.15000,-50.94000,0.00000,27275.6,-60.4
1987.60000,-3.15000,-50.93000,0.00000,27274.8,-60.3
1987.60000,-3.15000,-50.92000,0.00000,27274.0,-60.3
1987.60000,-3.15000,-50.91000,0.00000,27273.2,-60.3
1987.60000,-3.15000,-50.90000,0.00000,27272.4,-60.3
1987.60000,-3.15000,-50.89000,0.00000,27271.6,-60.3
1987.60000,-3.15000,-50.88000,0.00000,27270.7,-60.3
1987.60000,-3.15000,-50.87000,0.00000,27269.9,-60.2
1987.60000,-3.15000,-50.86000,0.00000,27269.1,-60.2
1987.60000,-3.15000,-50.85000,0.00000,27268.3,-60.2
1987.60000,-3.15000,-50.84000,0.00000,27267.5,-60.2
1987.60000,-3.15000,-50.83000,0.00000,27266.7,-60.2
1987.60000,-3.15000,-50.82000,0.00000,27265.9,-60.1
1987.60000,-3.15000,-50.81000,0.00000,27265.1,-60.1
1987.60000,-3.15000,-50.80000,0.00000,27264.3,-60.1
1987.60000,-3.16000,-50.95000,0.00000,27273.0,-60.4
1987.60000,-3.16000,-50.94000,0.00000,27272.1,-60.3
1987.60000,-3.16000,-50.93000,0.00000,27271.3,-60.3
1987.60000,-3.16000,-50.92000,0.00000,27270.5,-60.3
1987.60000,-3.16000,-50.91000,0.00000,27269.7,-60.3
1987.60000,-3.16000,-50.90000,0.00000,27268.9,-60.3
1987.60000,-3.16000,-50.89000,0.00000,27268.1,-60.2
1987.60000,-3.16000,-50.88000,0.00000,27267.3,-60.2
1987.60000,-3.16000,-50.87000,0.00000,27266.5,-60.2
1987.60000,-3.16000,-50.86000,0.00000,27265.7,-60.2
1987.60000,-3.16000,-50.85000,0.00000,27264.9,-60.2
1987.60000,-3.16000,-50.84000,0.00000,27264.1,-60.2
1987.60000,-3.16000,-50.83000,0.00000,27263.3,-60.1
1987.60000,-3.16000,-50.82000,0.00000,27262.5,-60.1
1987.60000,-3.16000,-50.81000,0.00000,27261.6,-60.1
1987.60000,-3.16000,-50.80000,0.00000,27260.8,-60.1
1987.60000,-3.17000,-50.95000,0.00000,27269.5,-60.3
1987.60000,-3.17000,-50.94000,0.00000,27268.7,-60.3
1987.60000,-3.17000,-50.93000,0.00000,27267.9,-60.3
1987.60000,-3.17000,-50.92000,0.00000,27267.1,-60.3
1987.60000,-3.17000,-50.91000,0.00000,27266.2,-60.3
1987.60000,-3.17000,-50.90000,0.00000,27265.4,-60.2
1987.60000,-3.17000,-50.89000,0.00000,27264.6,-60.2
1987.60000,-3.17000,-50.88000,0.00000,27263.8,-60.2
1987.60000,-3.17000,-50.87000,0.00000,27263.0,-60.2
1987.60000,-3.17000,-50.86000,0.00000,27262.2,-60.2
1987.60000,-3.17000,-50.85000,0.00000,27261.4,-60.2
1987.60000,-3.17000,-50.84000,0.00000,27260.6,-60.1
1987.60000,-3.17000,-50.83000,0.00000,27259.8,-60.1
1987.60000,-3.17000,-50.82000,0.00000,27259.0,-60.1
1987.60000,-3.17000,-50.81000,0.00000,27258.2,-60.1
1987.60000,-3.17000,-50.80000,0.00000,27257.4,-60.1
1987.60000,-3.18000,-50.95000,0.00000,27266.0,-60.3
1987.60000,-3.18000,-50.94000,0.00000,27265.2,-60.3
1987.60000,-3.18000,-50.93000,0.00000,27264.4,-60.3
1987.60000,-3.18000,-50.92000,0.00000,27263.6,-60.3
1987.60000,-3.18000,-50.91000,0.00000,27262.8,-60.2
1987.60000,-3.18000,-50.90000,0.00000,27262.0,-60.2
1987.60000,-3.18000,-50.89000,0.00000,27261.2,-60.2
1987.60000,-3.18000,-50.88000,0.00000,27260.4,-60.2
1987.60000,-3.18000,-50.87000,0.00000,27259.6,-60.2
1987.60000,-3.18000,-50.86000,0.00000,27258.8,-60.1
1987.60000,-3.18000,-50.85000,0.00000,27258.0,-60.1
1987.60000,-3.18000,-50.84000,0.00000,27257.2,-60.1
1987.60000,-3.18000,-50.83000,0.00000,27256.3,-60.1
1987.60000,-3.18000,-50.82000,0.00000,27255.5,-60.1
1987.60000,-3.18000,-50.81000,0.00000,27254.7,-60.1
1987.60000,-3.18000,-50.80000,0.00000,27253.9,-60.0
1987.60000,-3.19000,-50.95000,0.00000,27262.6,-60.3
1987.60000,-3.19000,-50.94000,0.00000,27261.8,-60.3
1987.60000,-3.19000,-50.93000,0.00000,27260.9,-60.2
1987.60000,-3.19000,-50.92000,0.00000,27260.1,-60.2
1987.60000,-3.19000,-50.91000,0.00000,27259.3,-60.2
1987.60000,-3.19000,-50.90000,0.00000,27258.5,-60.2
1987.60000,-3.19000,-50.89000,0.00000,27257.7,-60.2
1987.60000,-3.19000,-50.88000,0.00000,27256.9,-60.2
1987.60000,-3.19000,-50.87000,0.00000,27256.1,-60.1
1987.60000,-3.19000,-50.86000,0.00000,27255.3,-60.1
1987.60000,-3.19000,-50.85000,0.00000,27254.5,-60.1
1987.60000,-3.19000,-50.84000,0.00000,27253.7,-60.1
1987.60000,-3.19000,-50.83000,0.00000,27252.9,-60.1
1987.60000,-3.19000,-50.82000,0.00000,27252.1,-60.0
1987.60000,-3.19000,-50.81000,0.00000,27251.3,-60.0
1987.60000,-3.19000,-50.80000,0.00000,27250.5,-60.0
1987.60000,-3.20000,-50.95000,0.00000,27259.1,-60.3
1987.60000,-3.20000,-50.94000,0.00000,27258.3,-60.2
1987.60000,-3.20000,-50.93000,0.00000,27257.5,-60.2
1987.60000,-3.20000,-50.92000,0.00000,27256.7,-60.2
1987.60000,-3.20000,-50.91000,0.00000,27255.9,-60.2
1987.60000,-3.20000,-50.90000,0.00000,27255.1,-60.2
1987.60000,-3.20000,-50.89000,0.00000,27254.3,-60.1
1987.60000,-3.20000,-50.88000,0.00000,27253.5,-60.1
1987.60000,-3.20000,-50.87000,0.00000,27252.7,-60.1
1987.60000,-3.20000,-50.86000,0.00000,27251.9,-60.1
1987.60000,-3.20000,-50.85000,0.00000,27251.0,-60.1
1987.60000,-3.20000,-50.84000,0.00000,27250.2,-60.1
1987.60000,-3.20000,-50.83000,0.00000,27249.4,-60.0
1987.60000,-3.20000,-50.82000,0.00000,27248.6,-60.0
1987.60000,-3.20000,-50.81000,0.00000,27247.8,-60.0
1987.60000,-3.20000,-50.80000,0.00000,27247.0,-60.0
1987.70000,-3.10000,-50.95000,0.00000,27287.7,-60.5
1987.70000,-3.10000,-50.94000,0.00000,27286.9,-60.5
1987.70000,-3.10000,-50.93000,0.00000,27286.1,-60.5
1987.70000,-3.10000,-50.92000,0.00000,27285.3,-60.5
1987.70000,-3.10000,-50.91000,0.00000,27284.4,-60.4
1987.70000,-3.10000,-50.90000,0.00000,27283.6,-60.4
1987.70000,-3.10000,-50.89000,0.00000,27282.8,-60.4
1987.70000,-3.10000,-50.88000,0.00000,27282.0,-60.4
1987.70000,-3.10000,-50.87000,0.00000,27281.2,-60.4
1987.70000,-3.10000,-50.86000,0.00000,27280.4,-60.4
1987.70000,-3.10000,-50.85000,0.00000,27279.6,-60.3
1987.70000,-3.10000,-50.84000,0.00000,27278.8,-60.3
1987.70000,-3.10000,-50.83000,0.00000,27278.0,-60.3
1987.70000,-3.10000,-50.82000,0.00000,27277.2,-60.3
1987.70000,-3.10000,-50.81000,0.00000,27276.4,-60.3
1987.70000,-3.10000,-50.80000,0.00000,27275.5,-60.2
1987.70000,-3.11000,-50.95000,0.00000,27284.2,-60.5
1987.70000,-3.11000,-50.94000,0.00000,27283.4,-60.5
1987.70000,-3.11000,-50.93000,0.00000,27282.6,-60.5
1987.70000,-3.11000,-50.92000,0.00000,27281.8,-60.4
1987.70000,-3.11000,-50.91000,0.00000,27281.0,-60.4
1987.70000,-3.11000,-50.90000,0.00000,27280.2,-60.4
1987.70000,-3.11000,-50.89000,0.00000,27279.4,-60.4
1987.70000,-3.11000,-50.88000,0.00000,27278.5,-60.4
1987.70000,-3.11000,-50.87000,0.00000,27277.7,-60.3
1987.70000,-3.11000,-50.86000,0.00000,27276.9,-60.3
1987.70000,-3.11000,-50.85000,0.00000,27276.1,-60.3
1987.70000,-3.11000,-50.84000,0.00000,27275.3,-60.3
1987.70000,-3.11000,-50.83000,0.00000,27274.5,-60.3
1987.70000,-3.11000,-50.82000,0.00000,27273.7,-60.3
1987.70000,-3.11000,-50.81000,0.00000,27272.9,-60.2
1987.70000,-3.11000,-50.80000,0.00000,27272.1,-60.2
1987.70000,-3.12000,-50.95000,0.00000,27280.8,-60.5
1987.70000,-3.12000,-50.94000,0.00000,27279.9,-60.4
1987.70000,-3.12000,-50.93000,0.00000,27279.1,-60.4
1987.70000,-3.12000,-50.92000,0.00000,27278.3,-60.4
1987.70000,-3.12000,-50.91000,0.00000,27277.5,-60.4
1987.70000,-3.12000,-50.90000,0.00000,27276.7,-60.4
1987.70000,-3.12000,-50.89000,0.00000,27275.9,-60.4
1987.70000,-3.12000,-50.88000,0.00000,27275.1,-60.3
1987.70000,-3.12000,-50.87000,0.00000,27274.3,-60.3
1987.70000,-3.12000,-50.86000,0.00000,27273.5,-60.3
1987.70000,-3.12000,-50.85000,0.00000,27272.7,-60.3
1987.70000,-3.12000,-50.84000,0.00000,27271.9,-60.3
1987.70000,-3.12000,-50.83000,0.00000,27271.0,-60.2
1987.70000,-3.12000,-50.82000,0.00000,27270.2,-60.2
1987.70000,-3.12000,-50.81000,0.00000,27269.4,-60.2
1987.70000,-3.12000,-50.80000,0.00000,27268.6,-60.2
1987.70000,-3.13000,-50.95000,0.00000,27277.3,-60.4
1987.70000,-3.13000,-50.94000,0.00000,27276.5,-60.4
1987.70000,-3.13000,-50.93000,0.00000,27275.7,-60.4
1987.70000,-3.13000,-50.92000,0.00000,27274.9,-60.4
1987.70000,-3.13000,-50.91000,0.00000,27274.0,-60.4
1987.70000,-3.13000,-50.90000,0.00000,27273.2,-60.3
1987.70000,-3.13000,-50.89000,0.00000,27272.4,-60.3
1987.70000,-3.13000,-50.88000,0.00000,27271.6,-60.3
1987.70000,-3.13000,-50.87000,0.00000,27270.8,-60.3
1987.70000,-3.13000,-50.86000,0.00000,27270.0,-60.3
1987.70000,-3.13000,-50.85000,0.00000,27269.2,-60.3
1987.70000,-3.13000,-50.84000,0.00000,27268.4,-60.2
1987.70000,-3.13000,-50.83000,0.00000,27267.6,-60.2
1987.70000,-3.13000,-50.82000,0.00000,27266.8,-60.2
1987.70000,-3.13000,-50.81000,0.00000,27266.0,-60.2
1987.70000,-3.13000,-50.80000,0.00000,27265.2,-60.2
1987.70000,-3.14000,-50.95000,0.00000,27273.8,-60.4
1987.70000,-3.14000,-50.94000,0.00000,27273.0,-60.4
1987.70000,-3.14000,-50.93000,0.00000,27272.2,-60.4
1987.70000,-3.14000,-50.92000,0.00000,27271.4,-60.4
1987.70000,-3.14000,-50.91000,0.00000,27270.6,-60.3
1987.70000,-3.14000,-50.90000,0.00000,27269.8,-60.3
1987.70000,-3.14000,-50.89000,0.00000,27269.0,-60.3
1987.70000,-3.14000,-50.88000,0.00000,27268.2,-60.3
1987.70000,-3.14000,-50.87000,0.00000,27267.4,-60.3
1987.70000,-3.14000,-50.86000,0.00000,27266.5,-60.2
1987.70000,-3.14000,-50.85000,0.00000,27265.7,-60.2
1987.70000,-3.14000,-50.84000,0.00000,27264.9,-60.2
1987.70000,-3.14000,-50.83000,0.00000,27264.1,-60.2
1987.70000,-3.14000,-50.82000,0.00000,27263.3,-60.2
1987.70000,-3.14000,-50.81000,0.00000,27262.5,-60.2
1987.70000,-3.14000,-50.80000,0.00000,27261.7,-60.1
1987.70000,-3.15000,-50.95000,0.00000,27270.4,-60.4
1987.70000,-3.15000,-50.94000,0.00000,27269.5,-60.4
1987.70000,-3.15000,-50.93000,0.00000,27268.7,-60.3
1987.70000,-3.15000,-50.92000,0.00000,27267.9,-60.3
1987.70000,-3.15000,-50.91000,0.00000,27267.1,-60.3
1987.70000,-3.15000,-50.90000,0.00000,27266.3,-60.3
1987.70000,-3.15000,-50.89000,0.00000,27265.5,-60.3
1987.70000,-3.15000,-50.88000,0.00000,27264.7,-60.3
1987.70000,-3.15000,-50.87000,0.00000,27263.9,-60.2
1987.70000,-3.15000,-50.86000,0.00000,27263.1,-60.2
1987.70000,-3.15000,-50.85000,0.00000,27262.3,-60.2
1987.70000,-3.15000,-50.84000,0.00000,27261.5,-60.2
1987.70000,-3.15000,-50.83000,0.00000,27260.7,-60.2
1987.70000,-3.15000,-50.82000,0.00000,27259.9,-60.1
1987.70000,-3.15000,-50.81000,0.00000,27259.1,-60.1
1987.70000,-3.15000,-50.80000,0.00000,27258.3,-60.1
1987.70000,-3.16000,-50.95000,0.00000,27266.9,-60.4
1987.70000,-3.16000,-50.94000,0.00000,27266.1,-60.3
1987.70000,-3.16000,-50.93000,0.00000,27265.3,-60.3
1987.70000,-3.16000,-50.92000,0.00000,27264.5,-60.3
1987.70000,-3.16000,-50.91000,0.00000,27263.7,-60.3
1987.70000,-3.16000,-50.90000,0.00000,27262.9,-60.3
1987.70000,-3.16000,-50.89000,0.00000,27262.0,-60.2
1987.70000,-3.16000,-50.88000,0.00000,27261.2,-60.2
1987.70000,-3.16000,-50.87000,0.00000,27260.4,-60.2
1987.70000,-3.16000,-50.86000,0.00000,27259.6,-60.2
1987.70000,-3.16000,-50.85000,0.00000,27258.8,-60.2
1987.70000,-3.16000,-50.84000,0.00000,27258.0,-60.2
1987.70000,-3.16000,-50.83000,0.00000,27257.2,-60.1
1987.70000,-3.16000,-50.82000,0.00000,27256.4,-60.1
1987.70000,-3.16000,-50.81000,0.00000,27255.6,-60.1
1987.70000,-3.16000,-50.80000,0.00000,27254.8,-60.1
1987.70000,-3.17000,-50.95000,0.00000,27263.4,-60.3
1987.70000,-3.17000,-50.94000,0.00000,27262.6,-60.3
1987.70000,-3.17000,-50.93000,0.00000,27261.8,-60.3
1987.70000,-3.17000,-50.92000,0.00000,27261.0,-60.3
1987.70000,-3.17000,-50.91000,0.00000,27260.2,-60.3
1987.70000,-3.17000,-50.90000,0.00000,27259.4,-60.2
1987.70000,-3.17000,-50.89000,0.00000,27258.6,-60.2
1987.70000,-3.17000,-50.88000,0.00000,27257.8,-60.2
1987.70000,-3.17000,-50.87000,0.00000,27257.0,-60.2
1987.70000,-3.17000,-50.86000,0.00000,27256.2,-60.2
1987.70000,-3.17000,-50.85000,0.00000,27255.4,-60.2
1987.70000,-3.17000,-50.84000,0.00000,27254.6,-60.1
1987.70000,-3.17000,-50.83000,0.00000,27253.8,-60.1
1987.70000,-3.17000,-50.82000,0.00000,27253.0,-60.1
1987.70000,-3.17000,-50.81000,0.00000,27252.2,-60.1
1987.70000,-3.17000,-50.80000,0.00000,27251.4,-60.1
1987.70000,-3.18000,-50.95000,0.00000,27260.0,-60.3
1987.70000,-3.18000,-50.94000,0.00000,27259.2,-60.3
1987.70000,-3.18000,-50.93000,0.00000,27258.4,-60.3
1987.70000,-3.18000,-50.92000,0.00000,27257.6,-60.3
1987.70000,-3.18000,-50.91000,0.00000,27256.7,-60.2
1987.70000,-3.18000,-50.90000,0.00000,27255.9,-60.2
1987.70000,-3.18000,-50.89000,0.00000,27255.1,-60.2
1987.70000,-3.18000,-50.88000,0.00000,27254.3,-60.2
1987.70000,-3.18000,-50.87000,0.00000,27253.5,-60.2
1987.70000,-3.18000,-50.86000,0.00000,27252.7,-60.1
1987.70000,-3.18000,-50.85000,0.00000,27251.9,-60.1
1987.70000,-3.18000,-50.84000,0.00000,27251.1,-60.1
1987.70000,-3.18000,-50.83000,0.00000,27250.3,-60.1
1987.70000,-3.18000,-50.82000,0.00000,27249.5,-60.1
1987.70000,-3.18000,-50.81000,0.00000,27248.7,-60.1
1987.70000,-3.18000,-50.80000,0.00000,27247.9,-60.0
1987.70000,-3.19000,-50.95000,0.00000,27256.5,-60.3
1987.70000,-3.19000,-50.94000,0.00000,27255.7,-60.3
1987.70000,-3.19000,-50.93000,0.00000,27254.9,-60.2
1987.70000,-3.19000,-50.92000,0.00000,27254.1,-60.2
1987.70000,-3.19000,-50.91000,0.00000,27253.3,-60.2
1987.70000,-3.19000,-50.90000,0.00000,27252.5,-60.2
1987.70000,-3.19000,-50.89000,0.00000,27251.7,-60.2
1987.70000,-3.19000,-50.88000,0.00000,27250.9,-60.2
1987.70000,-3.19000,-50.87000,0.00000,27250.1,-60.1
1987.70000,-3.19000,-50.86000,0.00000,27249.3,-60.1
1987.70000,-3.19000,-50.85000,0.00000,27248.5,-60.1
1987.70000,-3.19000,-50.84000,0.00000,27247.7,-60.1
1987.70000,-3.19000,-50.83000,0.00000,27246.9,-60.1
1987.70000,-3.19000,-50.82000,0.00000,27246.1,-60.0
1987.70000,-3.19000,-50.81000,0.00000,27245.3,-60.0
1987.70000,-3.19000,-50.80000,0.00000,27244.5,-60.0
1987.70000,-3.20000,-50.95000,0.00000,27253.1,-60.3
1987.70000,-3.20000,-50.94000,0.00000,27252.3,-60.2
1987.70000,-3.20000,-50.93000,0.00000,27251.4,-60.2
1987.70000,-3.20000,-50.92000,0.00000,27250.6,-60.2
1987.70000,-3.20000,-50.91000,0.00000,27249.8,-60.2
1987.70000,-3.20000,-50.90000,0.00000,27249.0,-60.2
1987.70000,-3.20000,-50.89000,0.00000,27248.2,-60.1
1987.70000,-3.20000,-50.88000,0.00000,27247.4,-60.1
1987.70000,-3.20000,-50.87000,0.00000,27246.6,-60.1
1987.70000,-3.20000,-50.86000,0.00000,27245.8,-60.1
1987.70000,-3.20000,-50.85000,0.00000,27245.0,-60.1
1987.70000,-3.20000,-50.84000,0.00000,27244.2,-60.1
1987.70000,-3.20000,-50.83000,0.00000,27243.4,-60.0
1987.70000,-3.20000,-50.82000,0.00000,27242.6,-60.0
1987.70000,-3.20000,-50.81000,0.00000,27241.8,-60.0
1987.70000,-3.20000,-50.80000,0.00000,27241.0,-60.0
1987.80000,-3.10000,-50.95000,0.00000,27281.6,-60.5
1987.80000,-3.10000,-50.94000,0.00000,27280.8,-60.5
1987.80000,-3.10000,-50.93000,0.00000,27280.0,-60.5
1987.80000,-3.10000,-50.92000,0.00000,27279.2,-60.5
1987.80000,-3.10000,-50.91000,0.00000,27278.4,-60.4
1987.80000,-3.10000,-50.90000,0.00000,27277.6,-60.4
1987.80000,-3.10000,-50.89000,0.00000,27276.8,-60.4
1987.80000,-3.10000,-50.88000,0.00000,27276.0,-60.4
1987.80000,-3.10000,-50.87000,0.00000,27275.1,-60.4
1987.80000,-3.10000,-50.86000,0.00000,27274.3,-60.4
1987.80000,-3.10000,-50.85000,0.00000,27273.5,-60.3
1987.80000,-3.10000,-50.84000,0.00000,27272.7,-60.3
1987.80000,-3.10000,-50.83000,0.00000,27271.9,-60.3
1987.80000,-3.10000,-50.82000,0.00000,27271.1,-60.3
1987.80000,-3.10000,-50.81000,0.00000,27270.3,-60.3
1987.80000,-3.10000,-50.80000,0.00000,27269.5,-60.2
1987.80000,-3.11000,-50.95000,0.00000,27278.2,-60.5
1987.80000,-3.11000,-50.94000,0.00000,27277.3,-60.5
1987.80000,-3.11000,-50.93000,0.00000,27276.5,-60.5
1987.80000,-3.11000,-50.92000,0.00000,27275.7,-60.4
1987.80000,-3.11000,-50.91000,0.00000,27274.9,-60.4
1987.80000,-3.11000,-50.90000,0.00000,27274.1,-60.4
1987.80000,-3.11000,-50.89000,0.00000,27273.3,-60.4
1987.80000,-3.11000,-50.88000,0.00000,27272.5,-60.4
1987.80000,-3.11000,-50.87000,0.00000,27271.7,-60.3
1987.80000,-3.11000,-50.86000,0.00000,27270.9,-60.3
1987.80000,-3.11000,-50.85000,0.00000,27270.1,-60.3
1987.80000,-3.11000,-50.84000,0.00000,27269.3,-60.3
1987.80000,-3.11000,-50.83000,0.00000,27268.5,-60.3
1987.80000,-3.11000,-50.82000,0.00000,27267.7,-60.3
1987.80000,-3.11000,-50.81000,0.00000,27266.9,-60.2
1987.80000,-3.11000,-50.80000,0.00000,27266.1,-60.2
1987.80000,-3.12000,-50.95000,0.00000,27274.7,-60.5
1987.80000,-3.12000,-50.94000,0.00000,27273.9,-60.4
1987.80000,-3.12000,-50.93000,0.00000,27273.1,-60.4
1987.80000,-3.12000,-50.92000,0.00000,27272.3,-60.4
1987.80000,-3.12000,-50.91000,0.00000,27271.5,-60.4
1987.80000,-3.12000,-50.90000,0.00000,27270.6,-60.4
1987.80000,-3.12000,-50.89000,0.00000,27269.8,-60.4
1987.80000,-3.12000,-50.88000,0.00000,27269.0,-60.3
1987.80000,-3.12000,-50.87000,0.00000,27268.2,-60.3
1987.80000,-3.12000,-50.86000,0.00000,27267.4,-60.3
1987.80000,-3.12000,-50.85000,0.00000,27266.6,-60.3
1987.80000,-3.12000,-50.84000,0.00000,27265.8,-60.3
1987.80000,-3.12000,-50.83000,0.00000,27265.0,-60.2
1987.80000,-3.12000,-50.82000,0.00000,27264.2,-60.2
1987.80000,-3.12000,-50.81000,0.00000,27263.4,-60.2
1987.80000,-3.12000,-50.80000,0.00000,27262.6,-60.2
1987.80000,-3.13000,-50.95000,0.00000,27271.2,-60.4
1987.80000,-3.13000,-50.94000,0.00000,27270.4,-60.4
1987.80000,-3.13000,-50.93000,0.00000,27269.6,-60.4
1987.80000,-3.13000,-50.92000,0.00000,27268.8,-60.4
1987.80000,-3.13000,-50.91000,0.00000,27268.0,-60.4
1987.80000,-3.13000,-50.90000,0.00000,27267.2,-60.3
1987.80000,-3.13000,-50.89000,0.00000,27266.4,-60.3
1987.80000,-3.13000,-50.88000,0.00000,27265.6,-60.3
1987.80000,-3.13000,-50.87000,0.00000,27264.8,-60.3
1987.80000,-3.13000,-50.86000,0.00000,27264.0,-60.3
1987.80000,-3.13000,-50.85000,0.00000,27263.2,-60.3
1987.80000,-3.13000,-50.84000,0.00000,27262.4,-60.2
1987.80000,-3.13000,-50.83000,0.00000,27261.6,-60.2
1987.80000,-3.13000,-50.82000,0.00000,27260.7,-60.2
1987.80000,-3.13000,-50.81000,0.00000,27259.9,-60.2
1987.80000,-3.13000,-50.80000,0.00000,27259.1,-60.2
1987.80000,-3.14000,-50.95000,0.00000,27267.8,-60.4
1987.80000,-3.14000,-50.94000,0.00000,27267.0,-60.4
1987.80000,-3.14000,-50.93000,0.00000,27266.1,-60.4
1987.80000,-3.14000,-50.92000,0.00000,27265.3,-60.4
1987.80000,-3.14000,-50.91000,0.00000,27264.5,-60.3
1987.80000,-3.14000,-50.90000,0.00000,27263.7,-60.3
1987.80000,-3.14000,-50.89000,0.00000,27262.9,-60.3
1987.80000,-3.14000,-50.88000,0.00000,27262.1,-60.3
1987.80000,-3.14000,-50.87000,0.00000,27261.3,-60.3
1987.80000,-3.14000,-50.86000,0.00000,27260.5,-60.2
1987.80000,-3.14000,-50.85000,0.00000,27259.7,-60.2
1987.80000,-3.14000,-50.84000,0.00000,27258.9,-60.2
1987.80000,-3.14000,-50.83000,0.00000,27258.1,-60.2
1987.80000,-3.14000,-50.82000,0.00000,27257.3,-60.2
1987.80000,-3.14000,-50.81000,0.00000,27256.5,-60.2
1987.80000,-3.14000,-50.80000,0.00000,27255.7,-60.1
1987.80000,-3.15000,-50.95000,0.00000,27264.3,-60.4
1987.80000,-3.15000,-50.94000,0.00000,27263.5,-60.4
1987.80000,-3.15000,-50.93000,0.00000,27262.7,-60.3
1987.80000,-3.15000,-50.92000,0.00000,27261.9,-60.3
1987.80000,-3.15000,-50.91000,0.00000,27261.1,-60.3
1987.80000,-3.15000,-50.90000,0.00000,27260.3,-60.3
1987.80000,-3.15000,-50.89000,0.00000,27259.5,-60.3
1987.80000,-3.15000,-50.88000,0.00000,27258.7,-60.3
1987.80000,-3.15000,-50.87000,0.00000,27257.9,-60.2
1987.80000,-3.15000,-50.86000,0.00000,27257.1,-60.2
1987.80000,-3.15000,-50.85000,0.00000,27256.2,-60.2
1987.80000,-3.15000,-50.84000,0.00000,27255.4,-60.2
1987.80000,-3.15000,-50.83000,0.00000,27254.6,-60.2
1987.80000,-3.15000,-50.82000,0.00000,27253.8,-60.1
1987.80000,-3.15000,-50.81000,0.00000,27253.0,-60.1
1987.80000,-3.15000,-50.80000,0.00000,27252.2,-60.1
1987.80000,-3.16000,-50.95000,0.00000,27260.8,-60.4
1987.80000,-3.16000,-50.94000,0.00000,27260.0,-60.3
1987.80000,-3.16000,-50.93000,0.00000,27259.2,-60.3
1987.80000,-3.16000,-50.92000,0.00000,27258.4,-60.3
1987.80000,-3.16000,-50.91000,0.00000,27257.6,-60.3
1987.80000,-3.16000,-50.90000,0.00000,27256.8,-60.3
1987.80000,-3.16000,-50.89000,0.00000,27256.0,-60.2
1987.80000,-3.16000,-50.88000,0.00000,27255.2,-60.2
1987.80000,-3.16000,-50.87000,0.00000,27254.4,-60.2
1987.80000,-3.16000,-50.86000,0.00000,27253.6,-60.2
1987.80000,-3.16000,-50.85000,0.00000,27252.8,-60.2
1987.80000,-3.16000,-50.84000,0.00000,27252.0,-60.2
1987.80000,-3.16000,-50.83000,0.00000,27251.2,-60.1
1987.80000,-3.16000,-50.82000,0.00000,27250.4,-60.1
1987.80000,-3.16000,-50.81000,0.00000,27249.6,-60.1
1987.80000,-3.16000,-50.80000,0.00000,27248.8,-60.1
1987.80000,-3.17000,-50.95000,0.00000,27257.4,-60.3
1987.80000,-3.17000,-50.94000,0.00000,27256.6,-60.3
1987.80000,-3.17000,-50.93000,0.00000,27255.8,-60.3
1987.80000,-3.17000,-50.92000,0.00000,27255.0,-60.3
1987.80000,-3.17000,-50.91000,0.00000,27254.2,-60.3
1987.80000,-3.17000,-50.90000,0.00000,27253.4,-60.2
1987.80000,-3.17000,-50.89000,0.00000,27252.6,-60.2
1987.80000,-3.17000,-50.88000,0.00000,27251.8,-60.2
1987.80000,-3.17000,-50.87000,0.00000,27250.9,-60.2
1987.80000,-3.17000,-50.86000,0.00000,27250.1,-60.2
1987.80000,-3.17000,-50.85000,0.00000,27249.3,-60.2
1987.80000,-3.17000,-50.84000,0.00000,27248.5,-60.1
1987.80000,-3.17000,-50.83000,0.00000,27247.7,-60.1
1987.80000,-3.17000,-50.82000,0.00000,27246.9,-60.1
1987.80000,-3.17000,-50.81000,0.00000,27246.1,-60.1
1987.80000,-3.17000,-50.80000,0.00000,27245.3,-60.1
1987.80000,-3.18000,-50.95000,0.00000,27253.9,-60.3
1987.80000,-3.18000,-50.94000,0.00000,27253.1,-60.3
1987.80000,-3.18000,-50.93000,0.00000,27252.3,-60.3
1987.80000,-3.18000,-50.92000,0.00000,27251.5,-60.3
1987.80000,-3.18000,-50.91000,0.00000,27250.7,-60.2
1987.80000,-3.18000,-50.90000,0.00000,27249.9,-60.2
1987.80000,-3.18000,-50.89000,0.00000,27249.1,-60.2
1987.80000,-3.18000,-50.88000,0.00000,27248.3,-60.2
1987.80000,-3.18000,-50.87000,0.00000,27247.5,-60.2
1987.80000,-3.18000,-50.86000,0.00000,27246.7,-60.1
1987.80000,-3.18000,-50.85000,0.00000,27245.9,-60.1
1987.80000,-3.18000,-50.84000,0.00000,27245.1,-60.1
1987.80000,-3.18000,-50.83000,0.00000,27244.3,-60.1
1987.80000,-3.18000,-50.82000,0.00000,27243.5,-60.1
1987.80000,-3.18000,-50.81000,0.00000,27242.7,-60.1
1987.80000,-3.18000,-50.80000,0.00000,27241.9,-60.0
1987.80000,-3.19000,-50.95000,0.00000,27250.5,-60.3
1987.80000,-3.19000,-50.94000,0.00000,27249.7,-60.3
1987.80000,-3.19000,-50.93000,0.00000,27248.9,-60.2
1987.80000,-3.19000,-50.92000,0.00000,27248.1,-60.2
1987.80000,-3.19000,-50.91000,0.00000,27247.3,-60.2
1987.80000,-3.19000,-50.90000,0.00000,27246.5,-60.2
1987.80000,-3.19000,-50.89000,0.00000,27245.6,-60.2
1987.80000,-3.19000,-50.88000,0.00000,27244.8,-60.2
1987.80000,-3.19000,-50.87000,0.00000,27244.0,-60.1
1987.80000,-3.19000,-50.86000,0.00000,27243.2,-60.1
1987.80000,-3.19000,-50.85000,0.00000,27242.4,-60.1
1987.80000,-3.19000,-50.84000,0.00000,27241.6,-60.1
1987.80000,-3.19000,-50.83000,0.00000,27240.8,-60.1
1987.80000,-3.19000,-50.82000,0.00000,27240.0,-60.0
1987.80000,-3.19000,-50.81000,0.00000,27239.2,-60.0
1987.80000,-3.19000,-50.80000,0.00000,27238.5,-60.0
1987.80000,-3.20000,-50.95000,0.00000,27247.0,-60.3
1987.80000,-3.20000,-50.94000,0.00000,27246.2,-60.2
1987.80000,-3.20000,-50.93000,0.00000,27245.4,-60.2
1987.80000,-3.20000,-50.92000,0.00000,27244.6,-60.2
1987.80000,-3.20000,-50.91000,0.00000,27243.8,-60.2
1987.80000,-3.20000,-50.90000,0.00000,27243.0,-60.2
1987.80000,-3.20000,-50.89000,0.00000,27242.2,-60.1
1987.80000,-3.20000,-50.88000,0.00000,27241.4,-60.1
1987.80000,-3.20000,-50.87000,0.00000,27240.6,-60.1
1987.80000,-3.20000,-50.86000,0.00000,27239.8,-60.1
1987.80000,-3.20000,-50.85000,0.00000,27239.0,-60.1
1987.80000,-3.20000,-50.84000,0.00000,27238.2,-60.1
1987.80000,-3.20000,-50.83000,0.00000,27237.4,-60.0
1987.80000,-3.20000,-50.82000,0.00000,27236.6,-60.0
1987.80000,-3.20000,-50.81000,0.00000,27235.8,-60.0
1987.80000,-3.20000,-50.80000,0.00000,27235.0,-60.0
1987.90000,-3.10000,-50.95000,0.00000,27275.6,-60.5
1987.90000,-3.10000,-50.94000,0.00000,27274.8,-60.5
1987.90000,-3.10000,-50.93000,0.00000,27274.0,-60.5
1987.90000,-3.10000,-50.92000,0.00000,27273.1,-60.5
1987.90000,-3.10000,-50.91000,0.00000,27272.3,-60.4
1987.90000,-3.10000,-50.90000,0.00000,27271.5,-60.4
1987.90000,-3.10000,-50.89000,0.00000,27270.7,-60.4
1987.90000,-3.10000,-50.88000,0.00000,27269.9,-60.4
1987.90000,-3.10000,-50.87000,0.00000,27269.1,-60.4
1987.90000,-3.10000,-50.86000,0.00000,27268.3,-60.4
1987.90000,-3.10000,-50.85000,0.00000,27267.5,-60.3
1987.90000,-3.10000,-50.84000,0.00000,27266.7,-60.3
1987.90000,-3.10000,-50.83000,0.00000,27265.9,-60.3
1987.90000,-3.10000,-50.82000,0.00000,27265.1,-60.3
1987.90000,-3.10000,-50.81000,0.00000,27264.3,-60.3
1987.90000,-3.10000,-50.80000,0.00000,27263.5,-60.2
1987.90000,-3.11000,-50.95000,0.00000,27272.1,-60.5
1987.90000,-3.11000,-50.94000,0.00000,27271.3,-60.5
1987.90000,-3.11000,-50.93000,0.00000,27270.5,-60.5
1987.90000,-3.11000,-50.92000,0.00000,27269.7,-60.4
1987.90000,-3.11000,-50.91000,0.00000,27268.9,-60.4
1987.90000,-3.11000,-50.90000,0.00000,27268.1,-60.4
1987.90000,-3.11000,-50.89000,0.00000,27267.3,-60.4
1987.90000,-3.11000,-50.88000,0.00000,27266.5,-60.4
1987.90000,-3.11000,-50.87000,0.00000,27265.6,-60.3
1987.90000,-3.11000,-50.86000,0.00000,27264.8,-60.3
1987.90000,-3.11000,-50.85000,0.00000,27264.0,-60.3
1987.90000,-3.11000,-50.84000,0.00000,27263.2,-60.3
1987.90000,-3.11000,-50.83000,0.00000,27262.4,-60.3
1987.90000,-3.11000,-50.82000,0.00000,27261.6,-60.3
1987.90000,-3.11000,-50.81000,0.00000,27260.8,-60.2
1987.90000,-3.11000,-50.80000,0.00000,27260.0,-60.2
1987.90000,-3.12000,-50.95000,0.00000,27268.6,-60.5
1987.90000,-3.12000,-50.94000,0.00000,27267.8,-60.4
1987.90000,-3.12000,-50.93000,0.00000,27267.0,-60.4
1987.90000,-3.12000,-50.92000,0.00000,27266.2,-60.4
1987.90000,-3.12000,-50.91000,0.00000,27265.4,-60.4
1987.90000,-3.12000,-50.90000,0.00000,27264.6,-60.4
1987.90000,-3.12000,-50.89000,0.00000,27263.8,-60.4
1987.90000,-3.12000,-50.88000,0.00000,27263.0,-60.3
1987.90000,-3.12000,-50.87000,0.00000,27262.2,-60.3
1987.90000,-3.12000,-50.86000,0.00000,27261.4,-60.3
1987.90000,-3.12000,-50.85000,0.00000,27260.6,-60.3
1987.90000,-3.12000,-50.84000,0.00000,27259.8,-60.3
1987.90000,-3.12000,-50.83000,0.00000,27259.0,-60.2
1987.90000,-3.12000,-50.82000,0.00000,27258.2,-60.2
1987.90000,-3.12000,-50.81000,0.00000,27257.4,-60.2
1987.90000,-3.12000,-50.80000,0.00000,27256.6,-60.2
1987.90000,-3.13000,-50.95000,0.00000,27265.2,-60.4
1987.90000,-3.13000,-50.94000,0.00000,27264.4,-60.4
1987.90000,-3.13000,-50.93000,0.00000,27263.6,-60.4
1987.90000,-3.13000,-50.92000,0.00000,27262.8,-60.4
1987.90000,-3.13000,-50.91000,0.00000,27262.0,-60.4
1987.90000,-3.13000,-50.90000,0.00000,27261.1,-60.3
1987.90000,-3.13000,-50.89000,0.00000,27260.3,-60.3
1987.90000,-3.13000,-50.88000,0.00000,27259.5,-60.3
1987.90000,-3.13000,-50.87000,0.00000,27258.7,-60.3
1987.90000,-3.13000,-50.86000,0.00000,27257.9,-60.3
1987.90000,-3.13000,-50.85000,0.00000,27257.1,-60.3
1987.90000,-3.13000,-50.84000,0.00000,27256.3,-60.2
1987.90000,-3.13000,-50.83000,0.00000,27255.5,-60.2
1987.90000,-3.13000,-50.82000,0.00000,27254.7,-60.2
1987.90000,-3.13000,-50.81000,0.00000,27253.9,-60.2
1987.90000,-3.13000,-50.80000,0.00000,27253.1,-60.2
1987.90000,-3.14000,-50.95000,0.00000,27261.7,-60.4
1987.90000,-3.14000,-50.94000,0.00000,27260.9,-60.4
1987.90000,-3.14000,-50.93000,0.00000,27260.1,-60.4
1987.90000,-3.14000,-50.92000,0.00000,27259.3,-60.4
1987.90000,-3.14000,-50.91000,0.00000,27258.5,-60.3
1987.90000,-3.14000,-50.90000,0.00000,27257.7,-60.3
1987.90000,-3.14000,-50.89000,0.00000,27256.9,-60.3
1987.90000,-3.14000,-50.88000,0.00000,27256.1,-60.3
1987.90000,-3.14000,-50.87000,0.00000,27255.3,-60.3
1987.90000,-3.14000,-50.86000,0.00000,27254.5,-60.2
1987.90000,-3.14000,-50.85000,0.00000,27253.7,-60.2
1987.90000,-3.14000,-50.84000,0.00000,27252.9,-60.2
1987.90000,-3.14000,-50.83000,0.00000,27252.1,-60.2
1987.90000,-3.14000,-50.82000,0.00000,27251.3,-60.2
1987.90000,-3.14000,-50.81000,0.00000,27250.5,-60.2
1987.90000,-3.14000,-50.80000,0.00000,27249.7,-60.1
1987.90000,-3.15000,-50.95000,0.00000,27258.3,-60.4
1987.90000,-3.15000,-50.94000,0.00000,27257.5,-60.4
1987.90000,-3.15000,-50.93000,0.00000,27256.6,-60.3
1987.90000,-3.15000,-50.92000,0.00000,27255.8,-60.3
1987.90000,-3.15000,-50.91000,0.00000,27255.0,-60.3
1987.90000,-3.15000,-50.90000,0.00000,27254.2,-60.3
1987.90000,-3.15000,-50.89000,0.00000,27253.4,-60.3
1987.90000,-3.15000,-50.88000,0.00000,27252.6,-60.3
1987.90000,-3.15000,-50.87000,0.00000,27251.8,-60.2
1987.90000,-3.15000,-50.86000,0.00000,27251.0,-60.2
1987.90000,-3.15000,-50.85000,0.00000,27250.2,-60.2
1987.90000,-3.15000,-50.84000,0.00000,27249.4,-60.2
1987.90000,-3.15000,-50.83000,0.00000,27248.6,-60.2
1987.90000,-3.15000,-50.82000,0.00000,27247.8,-60.1
1987.90000,-3.15000,-50.81000,0.00000,27247.0,-60.1
1987.90000,-3.15000,-50.80000,0.00000,27246.2,-60.1
1987.90000,-3.16000,-50.95000,0.00000,27254.8,-60.4
1987.90000,-3.16000,-50.94000,0.00000,27254.0,-60.3
1987.90000,-3.16000,-50.93000,0.00000,27253.2,-60.3
1987.90000,-3.16000,-50.92000,0.00000,27252.4,-60.3
1987.90000,-3.16000,-50.91000,0.00000,27251.6,-60.3
1987.90000,-3.16000,-50.90000,0.00000,27250.8,-60.3
1987.90000,-3.16000,-50.89000,0.00000,27250.0,-60.2
1987.90000,-3.16000,-50.88000,0.00000,27249.2,-60.2
1987.90000,-3.16000,-50.87000,0.00000,27248.4,-60.2
1987.90000,-3.16000,-50.86000,0.00000,27247.6,-60.2
1987.90000,-3.16000,-50.85000,0.00000,27246.8,-60.2
1987.90000,-3.16000,-50.84000,0.00000,27246.0,-60.2
1987.90000,-3.16000,-50.83000,0.00000,27245.2,-60.1
1987.90000,-3.16000,-50.82000,0.00000,27244.4,-60.1
1987.90000,-3.16000,-50.81000,0.00000,27243.6,-60.1
1987.90000,-3.16000,-50.80000,0.00000,27242.8,-60.1
1987.90000,-3.17000,-50.95000,0.00000,27251.3,-60.3
1987.90000,-3.17000,-50.94000,0.00000,27250.5,-60.3
1987.90000,-3.17000,-50.93000,0.00000,27249.7,-60.3
1987.90000,-3.17000,-50.92000,0.00000,27248.9,-60.3
1987.90000,-3.17000,-50.91000,0.00000,27248.1,-60.3
1987.90000,-3.17000,-50.90000,0.00000,27247.3,-60.2
1987.90000,-3.17000,-50.89000,0.00000,27246.5,-60.2
1987.90000,-3.17000,-50.88000,0.00000,27245.7,-60.2
1987.90000,-3.17000,-50.87000,0.00000,27244.9,-60.2
1987.90000,-3.17000,-50.86000,0.00000,27244.1,-60.2
1987.90000,-3.17000,-50.85000,0.00000,27243.3,-60.2
1987.90000,-3.17000,-50.84000,0.00000,27242.5,-60.1
1987.90000,-3.17000,-50.83000,0.00000,27241.7,-60.1
1987.90000,-3.17000,-50.82000,0.00000,27240.9,-60.1
1987.90000,-3.17000,-50.81000,0.00000,27240.1,-60.1
1987.90000,-3.17000,-50.80000,0.00000,27239.3,-60.1
1987.90000,-3.18000,-50.95000,0.00000,27247.9,-60.3
1987.90000,-3.18000,-50.94000,0.00000,27247.1,-60.3
1987.90000,-3.18000,-50.93000,0.00000,27246.3,-60.3
1987.90000,-3.18000,-50.92000,0.00000,27245.5,-60.3
1987.90000,-3.18000,-50.91000,0.00000,27244.7,-60.2
1987.90000,-3.18000,-50.90000,0.00000,27243.9,-60.2
1987.90000,-3.18000,-50.89000,0.00000,27243.1,-60.2
1987.90000,-3.18000,-50.88000,0.00000,27242.3,-60.2
1987.90000,-3.18000,-50.87000,0.00000,27241.5,-60.2
1987.90000,-3.18000,-50.86000,0.00000,27240.7,-60.1
1987.90000,-3.18000,-50.85000,0.00000,27239.9,-60.1
1987.90000,-3.18000,-50.84000,0.00000,27239.1,-60.1
1987.90000,-3.18000,-50.83000,0.00000,27238.3,-60.1
1987.90000,-3.18000,-50.82000,0.00000,27237.5,-60.1
1987.90000,-3.18000,-50.81000,0.00000,27236.7,-60.1
1987.90000,-3.18000,-50.80000,0.00000,27235.9,-60.0
1987.90000,-3.19000,-50.95000,0.00000,27244.4,-60.3
1987.90000,-3.19000,-50.94000,0.00000,27243.6,-60.3
1987.90000,-3.19000,-50.93000,0.00000,27242.8,-60.2
1987.90000,-3.19000,-50.92000,0.00000,27242.0,-60.2
1987.90000,-3.19000,-50.91000,0.00000,27241.2,-60.2
1987.90000,-3.19000,-50.90000,0.00000,27240.4,-60.2
1987.90000,-3.19000,-50.89000,0.00000,27239.6,-60.2
1987.90000,-3.19000,-50.88000,0.00000,27238.8,-60.2
1987.90000,-3.19000,-50.87000,0.00000,27238.0,-60.1
1987.90000,-3.19000,-50.86000,0.00000,27237.2,-60.1
1987.90000,-3.19000,-50.85000,0.00000,27236.4,-60.1
1987.90000,-3.19000,-50.84000,0.00000,27235.6,-60.1
1987.90000,-3.19000,-50.83000,0.00000,27234.8,-60.1
1987.90000,-3.19000,-50.82000,0.00000,27234.0,-60.0
1987.90000,-3.19000,-50.81000,0.00000,27233.2,-60.0
1987.90000,-3.19000,-50.80000,0.00000,27232.4,-60.0
1987.90000,-3.20000,-50.95000,0.00000,27241.0,-60.3
1987.90000,-3.20000,-50.94000,0.00000,27240.2,-60.2
1987.90000,-3.20000,-50.93000,0.00000,27239.4,-60.2
1987.90000,-3.20000,-50.92000,0.00000,27238.6,-60.2
1987.90000,-3.20000,-50.91000,0.00000,27237.8,-60.2
1987.90000,-3.20000,-50.90000,0.00000,27237.0,-60.2
1987.90000,-3.20000,-50.89000,0.00000,27236.2,-60.1
1987.90000,-3.20000,-50.88000,0.00000,27235.4,-60.1
1987.90000,-3.20000,-50.87000,0.00000,27234.6,-60.1
1987.90000,-3.20000,-50.86000,0.00000,27233.8,-60.1
1987.90000,-3.20000,-50.85000,0.00000,27233.0,-60.1
1987.90000,-3.20000,-50.84000,0.00000,27232.2,-60.1
1987.90000,-3.20000,-50.83000,0.00000,27231.4,-60.0
1987.90000,-3.20000,-50.82000,0.00000,27230.6,-60.0
1987.90000,-3.20000,-50.81000,0.00000,27229.8,-60.0
1987.90000,-3.20000,-50.80000,0.00000,27229.0,-60.0
